2025-09-01T00:14:45: Error: Cannot find module 'express'
2025-09-01T00:14:45: Require stack:
2025-09-01T00:14:45: - C:\dashboards\simex\server.js
2025-09-01T00:14:45:     at Module._resolveFilename (node:internal/modules/cjs/loader:1077:15)
2025-09-01T00:14:45:     at Hook._require.Module.require (C:\Users\mathe\AppData\Roaming\npm\node_modules\pm2\node_modules\require-in-the-middle\index.js:81:25)
2025-09-01T00:14:45:     at require (node:internal/modules/cjs/helpers:121:18)
2025-09-01T00:14:45:     at Object.<anonymous> (C:\dashboards\simex\server.js:8:17)
2025-09-01T00:14:45:     at Module._compile (node:internal/modules/cjs/loader:1256:14)
2025-09-01T00:14:45:     at Module._extensions..js (node:internal/modules/cjs/loader:1310:10)
2025-09-01T00:14:45:     at Module.load (node:internal/modules/cjs/loader:1119:32)
2025-09-01T00:14:45:     at Module._load (node:internal/modules/cjs/loader:960:12)
2025-09-01T00:14:45:     at Object.<anonymous> (C:\Users\mathe\AppData\Roaming\npm\node_modules\pm2\lib\ProcessContainerFork.js:33:23)
2025-09-01T00:14:45:     at Module._compile (node:internal/modules/cjs/loader:1256:14) {
2025-09-01T00:14:45:   code: 'MODULE_NOT_FOUND',
2025-09-01T00:14:45:   requireStack: [ 'C:\\dashboards\\simex\\server.js' ]
2025-09-01T00:14:45: }
2025-09-01T00:14:47: Error: Cannot find module 'express'
2025-09-01T00:14:47: Require stack:
2025-09-01T00:14:47: - C:\dashboards\simex\server.js
2025-09-01T00:14:47:     at Module._resolveFilename (node:internal/modules/cjs/loader:1077:15)
2025-09-01T00:14:47:     at Hook._require.Module.require (C:\Users\mathe\AppData\Roaming\npm\node_modules\pm2\node_modules\require-in-the-middle\index.js:81:25)
2025-09-01T00:14:47:     at require (node:internal/modules/cjs/helpers:121:18)
2025-09-01T00:14:47:     at Object.<anonymous> (C:\dashboards\simex\server.js:8:17)
2025-09-01T00:14:47:     at Module._compile (node:internal/modules/cjs/loader:1256:14)
2025-09-01T00:14:47:     at Module._extensions..js (node:internal/modules/cjs/loader:1310:10)
2025-09-01T00:14:47:     at Module.load (node:internal/modules/cjs/loader:1119:32)
2025-09-01T00:14:47:     at Module._load (node:internal/modules/cjs/loader:960:12)
2025-09-01T00:14:47:     at Object.<anonymous> (C:\Users\mathe\AppData\Roaming\npm\node_modules\pm2\lib\ProcessContainerFork.js:33:23)
2025-09-01T00:14:47:     at Module._compile (node:internal/modules/cjs/loader:1256:14) {
2025-09-01T00:14:47:   code: 'MODULE_NOT_FOUND',
2025-09-01T00:14:47:   requireStack: [ 'C:\\dashboards\\simex\\server.js' ]
2025-09-01T00:14:47: }
2025-09-01T00:14:49: Error: Cannot find module 'express'
2025-09-01T00:14:49: Require stack:
2025-09-01T00:14:49: - C:\dashboards\simex\server.js
2025-09-01T00:14:49:     at Module._resolveFilename (node:internal/modules/cjs/loader:1077:15)
2025-09-01T00:14:49:     at Hook._require.Module.require (C:\Users\mathe\AppData\Roaming\npm\node_modules\pm2\node_modules\require-in-the-middle\index.js:81:25)
2025-09-01T00:14:49:     at require (node:internal/modules/cjs/helpers:121:18)
2025-09-01T00:14:49:     at Object.<anonymous> (C:\dashboards\simex\server.js:8:17)
2025-09-01T00:14:49:     at Module._compile (node:internal/modules/cjs/loader:1256:14)
2025-09-01T00:14:49:     at Module._extensions..js (node:internal/modules/cjs/loader:1310:10)
2025-09-01T00:14:49:     at Module.load (node:internal/modules/cjs/loader:1119:32)
2025-09-01T00:14:49:     at Module._load (node:internal/modules/cjs/loader:960:12)
2025-09-01T00:14:49:     at Object.<anonymous> (C:\Users\mathe\AppData\Roaming\npm\node_modules\pm2\lib\ProcessContainerFork.js:33:23)
2025-09-01T00:14:49:     at Module._compile (node:internal/modules/cjs/loader:1256:14) {
2025-09-01T00:14:49:   code: 'MODULE_NOT_FOUND',
2025-09-01T00:14:49:   requireStack: [ 'C:\\dashboards\\simex\\server.js' ]
2025-09-01T00:14:49: }
2025-09-01T00:14:52: Error: Cannot find module 'express'
2025-09-01T00:14:52: Require stack:
2025-09-01T00:14:52: - C:\dashboards\simex\server.js
2025-09-01T00:14:52:     at Module._resolveFilename (node:internal/modules/cjs/loader:1077:15)
2025-09-01T00:14:52:     at Hook._require.Module.require (C:\Users\mathe\AppData\Roaming\npm\node_modules\pm2\node_modules\require-in-the-middle\index.js:81:25)
2025-09-01T00:14:52:     at require (node:internal/modules/cjs/helpers:121:18)
2025-09-01T00:14:52:     at Object.<anonymous> (C:\dashboards\simex\server.js:8:17)
2025-09-01T00:14:52:     at Module._compile (node:internal/modules/cjs/loader:1256:14)
2025-09-01T00:14:52:     at Module._extensions..js (node:internal/modules/cjs/loader:1310:10)
2025-09-01T00:14:52:     at Module.load (node:internal/modules/cjs/loader:1119:32)
2025-09-01T00:14:52:     at Module._load (node:internal/modules/cjs/loader:960:12)
2025-09-01T00:14:52:     at Object.<anonymous> (C:\Users\mathe\AppData\Roaming\npm\node_modules\pm2\lib\ProcessContainerFork.js:33:23)
2025-09-01T00:14:52:     at Module._compile (node:internal/modules/cjs/loader:1256:14) {
2025-09-01T00:14:52:   code: 'MODULE_NOT_FOUND',
2025-09-01T00:14:52:   requireStack: [ 'C:\\dashboards\\simex\\server.js' ]
2025-09-01T00:14:52: }
2025-09-01T00:14:54: Error: Cannot find module 'express'
2025-09-01T00:14:54: Require stack:
2025-09-01T00:14:54: - C:\dashboards\simex\server.js
2025-09-01T00:14:54:     at Module._resolveFilename (node:internal/modules/cjs/loader:1077:15)
2025-09-01T00:14:54:     at Hook._require.Module.require (C:\Users\mathe\AppData\Roaming\npm\node_modules\pm2\node_modules\require-in-the-middle\index.js:81:25)
2025-09-01T00:14:54:     at require (node:internal/modules/cjs/helpers:121:18)
2025-09-01T00:14:54:     at Object.<anonymous> (C:\dashboards\simex\server.js:8:17)
2025-09-01T00:14:54:     at Module._compile (node:internal/modules/cjs/loader:1256:14)
2025-09-01T00:14:54:     at Module._extensions..js (node:internal/modules/cjs/loader:1310:10)
2025-09-01T00:14:54:     at Module.load (node:internal/modules/cjs/loader:1119:32)
2025-09-01T00:14:54:     at Module._load (node:internal/modules/cjs/loader:960:12)
2025-09-01T00:14:54:     at Object.<anonymous> (C:\Users\mathe\AppData\Roaming\npm\node_modules\pm2\lib\ProcessContainerFork.js:33:23)
2025-09-01T00:14:54:     at Module._compile (node:internal/modules/cjs/loader:1256:14) {
2025-09-01T00:14:54:   code: 'MODULE_NOT_FOUND',
2025-09-01T00:14:54:   requireStack: [ 'C:\\dashboards\\simex\\server.js' ]
2025-09-01T00:14:54: }
2025-09-01T00:14:56: Error: Cannot find module 'express'
2025-09-01T00:14:56: Require stack:
2025-09-01T00:14:56: - C:\dashboards\simex\server.js
2025-09-01T00:14:56:     at Module._resolveFilename (node:internal/modules/cjs/loader:1077:15)
2025-09-01T00:14:56:     at Hook._require.Module.require (C:\Users\mathe\AppData\Roaming\npm\node_modules\pm2\node_modules\require-in-the-middle\index.js:81:25)
2025-09-01T00:14:56:     at require (node:internal/modules/cjs/helpers:121:18)
2025-09-01T00:14:56:     at Object.<anonymous> (C:\dashboards\simex\server.js:8:17)
2025-09-01T00:14:56:     at Module._compile (node:internal/modules/cjs/loader:1256:14)
2025-09-01T00:14:56:     at Module._extensions..js (node:internal/modules/cjs/loader:1310:10)
2025-09-01T00:14:56:     at Module.load (node:internal/modules/cjs/loader:1119:32)
2025-09-01T00:14:56:     at Module._load (node:internal/modules/cjs/loader:960:12)
2025-09-01T00:14:56:     at Object.<anonymous> (C:\Users\mathe\AppData\Roaming\npm\node_modules\pm2\lib\ProcessContainerFork.js:33:23)
2025-09-01T00:14:56:     at Module._compile (node:internal/modules/cjs/loader:1256:14) {
2025-09-01T00:14:56:   code: 'MODULE_NOT_FOUND',
2025-09-01T00:14:56:   requireStack: [ 'C:\\dashboards\\simex\\server.js' ]
2025-09-01T00:14:56: }
2025-09-01T00:14:58: Error: Cannot find module 'express'
2025-09-01T00:14:58: Require stack:
2025-09-01T00:14:58: - C:\dashboards\simex\server.js
2025-09-01T00:14:58:     at Module._resolveFilename (node:internal/modules/cjs/loader:1077:15)
2025-09-01T00:14:58:     at Hook._require.Module.require (C:\Users\mathe\AppData\Roaming\npm\node_modules\pm2\node_modules\require-in-the-middle\index.js:81:25)
2025-09-01T00:14:58:     at require (node:internal/modules/cjs/helpers:121:18)
2025-09-01T00:14:58:     at Object.<anonymous> (C:\dashboards\simex\server.js:8:17)
2025-09-01T00:14:58:     at Module._compile (node:internal/modules/cjs/loader:1256:14)
2025-09-01T00:14:58:     at Module._extensions..js (node:internal/modules/cjs/loader:1310:10)
2025-09-01T00:14:58:     at Module.load (node:internal/modules/cjs/loader:1119:32)
2025-09-01T00:14:58:     at Module._load (node:internal/modules/cjs/loader:960:12)
2025-09-01T00:14:58:     at Object.<anonymous> (C:\Users\mathe\AppData\Roaming\npm\node_modules\pm2\lib\ProcessContainerFork.js:33:23)
2025-09-01T00:14:58:     at Module._compile (node:internal/modules/cjs/loader:1256:14) {
2025-09-01T00:14:58:   code: 'MODULE_NOT_FOUND',
2025-09-01T00:14:58:   requireStack: [ 'C:\\dashboards\\simex\\server.js' ]
2025-09-01T00:14:58: }
2025-09-01T00:15:01: Error: Cannot find module 'express'
2025-09-01T00:15:01: Require stack:
2025-09-01T00:15:01: - C:\dashboards\simex\server.js
2025-09-01T00:15:01:     at Module._resolveFilename (node:internal/modules/cjs/loader:1077:15)
2025-09-01T00:15:01:     at Hook._require.Module.require (C:\Users\mathe\AppData\Roaming\npm\node_modules\pm2\node_modules\require-in-the-middle\index.js:81:25)
2025-09-01T00:15:01:     at require (node:internal/modules/cjs/helpers:121:18)
2025-09-01T00:15:01:     at Object.<anonymous> (C:\dashboards\simex\server.js:8:17)
2025-09-01T00:15:01:     at Module._compile (node:internal/modules/cjs/loader:1256:14)
2025-09-01T00:15:01:     at Module._extensions..js (node:internal/modules/cjs/loader:1310:10)
2025-09-01T00:15:01:     at Module.load (node:internal/modules/cjs/loader:1119:32)
2025-09-01T00:15:01:     at Module._load (node:internal/modules/cjs/loader:960:12)
2025-09-01T00:15:01:     at Object.<anonymous> (C:\Users\mathe\AppData\Roaming\npm\node_modules\pm2\lib\ProcessContainerFork.js:33:23)
2025-09-01T00:15:01:     at Module._compile (node:internal/modules/cjs/loader:1256:14) {
2025-09-01T00:15:01:   code: 'MODULE_NOT_FOUND',
2025-09-01T00:15:01:   requireStack: [ 'C:\\dashboards\\simex\\server.js' ]
2025-09-01T00:15:01: }
2025-09-01T00:15:03: Error: Cannot find module 'express'
2025-09-01T00:15:03: Require stack:
2025-09-01T00:15:03: - C:\dashboards\simex\server.js
2025-09-01T00:15:03:     at Module._resolveFilename (node:internal/modules/cjs/loader:1077:15)
2025-09-01T00:15:03:     at Hook._require.Module.require (C:\Users\mathe\AppData\Roaming\npm\node_modules\pm2\node_modules\require-in-the-middle\index.js:81:25)
2025-09-01T00:15:03:     at require (node:internal/modules/cjs/helpers:121:18)
2025-09-01T00:15:03:     at Object.<anonymous> (C:\dashboards\simex\server.js:8:17)
2025-09-01T00:15:03:     at Module._compile (node:internal/modules/cjs/loader:1256:14)
2025-09-01T00:15:03:     at Module._extensions..js (node:internal/modules/cjs/loader:1310:10)
2025-09-01T00:15:03:     at Module.load (node:internal/modules/cjs/loader:1119:32)
2025-09-01T00:15:03:     at Module._load (node:internal/modules/cjs/loader:960:12)
2025-09-01T00:15:03:     at Object.<anonymous> (C:\Users\mathe\AppData\Roaming\npm\node_modules\pm2\lib\ProcessContainerFork.js:33:23)
2025-09-01T00:15:03:     at Module._compile (node:internal/modules/cjs/loader:1256:14) {
2025-09-01T00:15:03:   code: 'MODULE_NOT_FOUND',
2025-09-01T00:15:03:   requireStack: [ 'C:\\dashboards\\simex\\server.js' ]
2025-09-01T00:15:03: }
2025-09-01T00:15:05: Error: Cannot find module 'express'
2025-09-01T00:15:05: Require stack:
2025-09-01T00:15:05: - C:\dashboards\simex\server.js
2025-09-01T00:15:05:     at Module._resolveFilename (node:internal/modules/cjs/loader:1077:15)
2025-09-01T00:15:05:     at Hook._require.Module.require (C:\Users\mathe\AppData\Roaming\npm\node_modules\pm2\node_modules\require-in-the-middle\index.js:81:25)
2025-09-01T00:15:05:     at require (node:internal/modules/cjs/helpers:121:18)
2025-09-01T00:15:05:     at Object.<anonymous> (C:\dashboards\simex\server.js:8:17)
2025-09-01T00:15:05:     at Module._compile (node:internal/modules/cjs/loader:1256:14)
2025-09-01T00:15:05:     at Module._extensions..js (node:internal/modules/cjs/loader:1310:10)
2025-09-01T00:15:05:     at Module.load (node:internal/modules/cjs/loader:1119:32)
2025-09-01T00:15:05:     at Module._load (node:internal/modules/cjs/loader:960:12)
2025-09-01T00:15:05:     at Object.<anonymous> (C:\Users\mathe\AppData\Roaming\npm\node_modules\pm2\lib\ProcessContainerFork.js:33:23)
2025-09-01T00:15:05:     at Module._compile (node:internal/modules/cjs/loader:1256:14) {
2025-09-01T00:15:05:   code: 'MODULE_NOT_FOUND',
2025-09-01T00:15:05:   requireStack: [ 'C:\\dashboards\\simex\\server.js' ]
2025-09-01T00:15:05: }
2025-09-01T00:15:08: Error: Cannot find module 'express'
2025-09-01T00:15:08: Require stack:
2025-09-01T00:15:08: - C:\dashboards\simex\server.js
2025-09-01T00:15:08:     at Module._resolveFilename (node:internal/modules/cjs/loader:1077:15)
2025-09-01T00:15:08:     at Hook._require.Module.require (C:\Users\mathe\AppData\Roaming\npm\node_modules\pm2\node_modules\require-in-the-middle\index.js:81:25)
2025-09-01T00:15:08:     at require (node:internal/modules/cjs/helpers:121:18)
2025-09-01T00:15:08:     at Object.<anonymous> (C:\dashboards\simex\server.js:8:17)
2025-09-01T00:15:08:     at Module._compile (node:internal/modules/cjs/loader:1256:14)
2025-09-01T00:15:08:     at Module._extensions..js (node:internal/modules/cjs/loader:1310:10)
2025-09-01T00:15:08:     at Module.load (node:internal/modules/cjs/loader:1119:32)
2025-09-01T00:15:08:     at Module._load (node:internal/modules/cjs/loader:960:12)
2025-09-01T00:15:08:     at Object.<anonymous> (C:\Users\mathe\AppData\Roaming\npm\node_modules\pm2\lib\ProcessContainerFork.js:33:23)
2025-09-01T00:15:08:     at Module._compile (node:internal/modules/cjs/loader:1256:14) {
2025-09-01T00:15:08:   code: 'MODULE_NOT_FOUND',
2025-09-01T00:15:08:   requireStack: [ 'C:\\dashboards\\simex\\server.js' ]
2025-09-01T00:15:08: }
2025-09-01T00:15:10: Error: Cannot find module 'express'
2025-09-01T00:15:10: Require stack:
2025-09-01T00:15:10: - C:\dashboards\simex\server.js
2025-09-01T00:15:10:     at Module._resolveFilename (node:internal/modules/cjs/loader:1077:15)
2025-09-01T00:15:10:     at Hook._require.Module.require (C:\Users\mathe\AppData\Roaming\npm\node_modules\pm2\node_modules\require-in-the-middle\index.js:81:25)
2025-09-01T00:15:10:     at require (node:internal/modules/cjs/helpers:121:18)
2025-09-01T00:15:10:     at Object.<anonymous> (C:\dashboards\simex\server.js:8:17)
2025-09-01T00:15:10:     at Module._compile (node:internal/modules/cjs/loader:1256:14)
2025-09-01T00:15:10:     at Module._extensions..js (node:internal/modules/cjs/loader:1310:10)
2025-09-01T00:15:10:     at Module.load (node:internal/modules/cjs/loader:1119:32)
2025-09-01T00:15:10:     at Module._load (node:internal/modules/cjs/loader:960:12)
2025-09-01T00:15:10:     at Object.<anonymous> (C:\Users\mathe\AppData\Roaming\npm\node_modules\pm2\lib\ProcessContainerFork.js:33:23)
2025-09-01T00:15:10:     at Module._compile (node:internal/modules/cjs/loader:1256:14) {
2025-09-01T00:15:10:   code: 'MODULE_NOT_FOUND',
2025-09-01T00:15:10:   requireStack: [ 'C:\\dashboards\\simex\\server.js' ]
2025-09-01T00:15:10: }
2025-09-01T00:15:12: Error: Cannot find module 'express'
2025-09-01T00:15:12: Require stack:
2025-09-01T00:15:12: - C:\dashboards\simex\server.js
2025-09-01T00:15:12:     at Module._resolveFilename (node:internal/modules/cjs/loader:1077:15)
2025-09-01T00:15:12:     at Hook._require.Module.require (C:\Users\mathe\AppData\Roaming\npm\node_modules\pm2\node_modules\require-in-the-middle\index.js:81:25)
2025-09-01T00:15:12:     at require (node:internal/modules/cjs/helpers:121:18)
2025-09-01T00:15:12:     at Object.<anonymous> (C:\dashboards\simex\server.js:8:17)
2025-09-01T00:15:12:     at Module._compile (node:internal/modules/cjs/loader:1256:14)
2025-09-01T00:15:12:     at Module._extensions..js (node:internal/modules/cjs/loader:1310:10)
2025-09-01T00:15:12:     at Module.load (node:internal/modules/cjs/loader:1119:32)
2025-09-01T00:15:12:     at Module._load (node:internal/modules/cjs/loader:960:12)
2025-09-01T00:15:12:     at Object.<anonymous> (C:\Users\mathe\AppData\Roaming\npm\node_modules\pm2\lib\ProcessContainerFork.js:33:23)
2025-09-01T00:15:12:     at Module._compile (node:internal/modules/cjs/loader:1256:14) {
2025-09-01T00:15:12:   code: 'MODULE_NOT_FOUND',
2025-09-01T00:15:12:   requireStack: [ 'C:\\dashboards\\simex\\server.js' ]
2025-09-01T00:15:12: }
2025-09-01T00:15:14: Error: Cannot find module 'express'
2025-09-01T00:15:14: Require stack:
2025-09-01T00:15:14: - C:\dashboards\simex\server.js
2025-09-01T00:15:14:     at Module._resolveFilename (node:internal/modules/cjs/loader:1077:15)
2025-09-01T00:15:14:     at Hook._require.Module.require (C:\Users\mathe\AppData\Roaming\npm\node_modules\pm2\node_modules\require-in-the-middle\index.js:81:25)
2025-09-01T00:15:14:     at require (node:internal/modules/cjs/helpers:121:18)
2025-09-01T00:15:14:     at Object.<anonymous> (C:\dashboards\simex\server.js:8:17)
2025-09-01T00:15:14:     at Module._compile (node:internal/modules/cjs/loader:1256:14)
2025-09-01T00:15:14:     at Module._extensions..js (node:internal/modules/cjs/loader:1310:10)
2025-09-01T00:15:14:     at Module.load (node:internal/modules/cjs/loader:1119:32)
2025-09-01T00:15:14:     at Module._load (node:internal/modules/cjs/loader:960:12)
2025-09-01T00:15:14:     at Object.<anonymous> (C:\Users\mathe\AppData\Roaming\npm\node_modules\pm2\lib\ProcessContainerFork.js:33:23)
2025-09-01T00:15:14:     at Module._compile (node:internal/modules/cjs/loader:1256:14) {
2025-09-01T00:15:14:   code: 'MODULE_NOT_FOUND',
2025-09-01T00:15:14:   requireStack: [ 'C:\\dashboards\\simex\\server.js' ]
2025-09-01T00:15:14: }
2025-09-01T00:15:16: Error: Cannot find module 'express'
2025-09-01T00:15:16: Require stack:
2025-09-01T00:15:16: - C:\dashboards\simex\server.js
2025-09-01T00:15:16:     at Module._resolveFilename (node:internal/modules/cjs/loader:1077:15)
2025-09-01T00:15:16:     at Hook._require.Module.require (C:\Users\mathe\AppData\Roaming\npm\node_modules\pm2\node_modules\require-in-the-middle\index.js:81:25)
2025-09-01T00:15:16:     at require (node:internal/modules/cjs/helpers:121:18)
2025-09-01T00:15:16:     at Object.<anonymous> (C:\dashboards\simex\server.js:8:17)
2025-09-01T00:15:16:     at Module._compile (node:internal/modules/cjs/loader:1256:14)
2025-09-01T00:15:16:     at Module._extensions..js (node:internal/modules/cjs/loader:1310:10)
2025-09-01T00:15:16:     at Module.load (node:internal/modules/cjs/loader:1119:32)
2025-09-01T00:15:16:     at Module._load (node:internal/modules/cjs/loader:960:12)
2025-09-01T00:15:16:     at Object.<anonymous> (C:\Users\mathe\AppData\Roaming\npm\node_modules\pm2\lib\ProcessContainerFork.js:33:23)
2025-09-01T00:15:16:     at Module._compile (node:internal/modules/cjs/loader:1256:14) {
2025-09-01T00:15:16:   code: 'MODULE_NOT_FOUND',
2025-09-01T00:15:16:   requireStack: [ 'C:\\dashboards\\simex\\server.js' ]
2025-09-01T00:15:16: }
2025-09-01T00:15:19: Error: Cannot find module 'express'
2025-09-01T00:15:19: Require stack:
2025-09-01T00:15:19: - C:\dashboards\simex\server.js
2025-09-01T00:15:19:     at Module._resolveFilename (node:internal/modules/cjs/loader:1077:15)
2025-09-01T00:15:19:     at Hook._require.Module.require (C:\Users\mathe\AppData\Roaming\npm\node_modules\pm2\node_modules\require-in-the-middle\index.js:81:25)
2025-09-01T00:15:19:     at require (node:internal/modules/cjs/helpers:121:18)
2025-09-01T00:15:19:     at Object.<anonymous> (C:\dashboards\simex\server.js:8:17)
2025-09-01T00:15:19:     at Module._compile (node:internal/modules/cjs/loader:1256:14)
2025-09-01T00:15:19:     at Module._extensions..js (node:internal/modules/cjs/loader:1310:10)
2025-09-01T00:15:19:     at Module.load (node:internal/modules/cjs/loader:1119:32)
2025-09-01T00:15:19:     at Module._load (node:internal/modules/cjs/loader:960:12)
2025-09-01T00:15:19:     at Object.<anonymous> (C:\Users\mathe\AppData\Roaming\npm\node_modules\pm2\lib\ProcessContainerFork.js:33:23)
2025-09-01T00:15:19:     at Module._compile (node:internal/modules/cjs/loader:1256:14) {
2025-09-01T00:15:19:   code: 'MODULE_NOT_FOUND',
2025-09-01T00:15:19:   requireStack: [ 'C:\\dashboards\\simex\\server.js' ]
2025-09-01T00:15:19: }
2025-09-01T00:15:21: Error: Cannot find module 'express'
2025-09-01T00:15:21: Require stack:
2025-09-01T00:15:21: - C:\dashboards\simex\server.js
2025-09-01T00:15:21:     at Module._resolveFilename (node:internal/modules/cjs/loader:1077:15)
2025-09-01T00:15:21:     at Hook._require.Module.require (C:\Users\mathe\AppData\Roaming\npm\node_modules\pm2\node_modules\require-in-the-middle\index.js:81:25)
2025-09-01T00:15:21:     at require (node:internal/modules/cjs/helpers:121:18)
2025-09-01T00:15:21:     at Object.<anonymous> (C:\dashboards\simex\server.js:8:17)
2025-09-01T00:15:21:     at Module._compile (node:internal/modules/cjs/loader:1256:14)
2025-09-01T00:15:21:     at Module._extensions..js (node:internal/modules/cjs/loader:1310:10)
2025-09-01T00:15:21:     at Module.load (node:internal/modules/cjs/loader:1119:32)
2025-09-01T00:15:21:     at Module._load (node:internal/modules/cjs/loader:960:12)
2025-09-01T00:15:21:     at Object.<anonymous> (C:\Users\mathe\AppData\Roaming\npm\node_modules\pm2\lib\ProcessContainerFork.js:33:23)
2025-09-01T00:15:21:     at Module._compile (node:internal/modules/cjs/loader:1256:14) {
2025-09-01T00:15:21:   code: 'MODULE_NOT_FOUND',
2025-09-01T00:15:21:   requireStack: [ 'C:\\dashboards\\simex\\server.js' ]
2025-09-01T00:15:21: }
2025-09-01T00:15:23: Error: Cannot find module 'express'
2025-09-01T00:15:23: Require stack:
2025-09-01T00:15:23: - C:\dashboards\simex\server.js
2025-09-01T00:15:23:     at Module._resolveFilename (node:internal/modules/cjs/loader:1077:15)
2025-09-01T00:15:23:     at Hook._require.Module.require (C:\Users\mathe\AppData\Roaming\npm\node_modules\pm2\node_modules\require-in-the-middle\index.js:81:25)
2025-09-01T00:15:23:     at require (node:internal/modules/cjs/helpers:121:18)
2025-09-01T00:15:23:     at Object.<anonymous> (C:\dashboards\simex\server.js:8:17)
2025-09-01T00:15:23:     at Module._compile (node:internal/modules/cjs/loader:1256:14)
2025-09-01T00:15:23:     at Module._extensions..js (node:internal/modules/cjs/loader:1310:10)
2025-09-01T00:15:23:     at Module.load (node:internal/modules/cjs/loader:1119:32)
2025-09-01T00:15:23:     at Module._load (node:internal/modules/cjs/loader:960:12)
2025-09-01T00:15:23:     at Object.<anonymous> (C:\Users\mathe\AppData\Roaming\npm\node_modules\pm2\lib\ProcessContainerFork.js:33:23)
2025-09-01T00:15:23:     at Module._compile (node:internal/modules/cjs/loader:1256:14) {
2025-09-01T00:15:23:   code: 'MODULE_NOT_FOUND',
2025-09-01T00:15:23:   requireStack: [ 'C:\\dashboards\\simex\\server.js' ]
2025-09-01T00:15:23: }
2025-09-01T00:15:25: Error: Cannot find module 'express'
2025-09-01T00:15:25: Require stack:
2025-09-01T00:15:25: - C:\dashboards\simex\server.js
2025-09-01T00:15:25:     at Module._resolveFilename (node:internal/modules/cjs/loader:1077:15)
2025-09-01T00:15:25:     at Hook._require.Module.require (C:\Users\mathe\AppData\Roaming\npm\node_modules\pm2\node_modules\require-in-the-middle\index.js:81:25)
2025-09-01T00:15:25:     at require (node:internal/modules/cjs/helpers:121:18)
2025-09-01T00:15:25:     at Object.<anonymous> (C:\dashboards\simex\server.js:8:17)
2025-09-01T00:15:25:     at Module._compile (node:internal/modules/cjs/loader:1256:14)
2025-09-01T00:15:25:     at Module._extensions..js (node:internal/modules/cjs/loader:1310:10)
2025-09-01T00:15:25:     at Module.load (node:internal/modules/cjs/loader:1119:32)
2025-09-01T00:15:25:     at Module._load (node:internal/modules/cjs/loader:960:12)
2025-09-01T00:15:25:     at Object.<anonymous> (C:\Users\mathe\AppData\Roaming\npm\node_modules\pm2\lib\ProcessContainerFork.js:33:23)
2025-09-01T00:15:25:     at Module._compile (node:internal/modules/cjs/loader:1256:14) {
2025-09-01T00:15:25:   code: 'MODULE_NOT_FOUND',
2025-09-01T00:15:25:   requireStack: [ 'C:\\dashboards\\simex\\server.js' ]
2025-09-01T00:15:25: }
2025-09-01T00:15:28: Error: Cannot find module 'express'
2025-09-01T00:15:28: Require stack:
2025-09-01T00:15:28: - C:\dashboards\simex\server.js
2025-09-01T00:15:28:     at Module._resolveFilename (node:internal/modules/cjs/loader:1077:15)
2025-09-01T00:15:28:     at Hook._require.Module.require (C:\Users\mathe\AppData\Roaming\npm\node_modules\pm2\node_modules\require-in-the-middle\index.js:81:25)
2025-09-01T00:15:28:     at require (node:internal/modules/cjs/helpers:121:18)
2025-09-01T00:15:28:     at Object.<anonymous> (C:\dashboards\simex\server.js:8:17)
2025-09-01T00:15:28:     at Module._compile (node:internal/modules/cjs/loader:1256:14)
2025-09-01T00:15:28:     at Module._extensions..js (node:internal/modules/cjs/loader:1310:10)
2025-09-01T00:15:28:     at Module.load (node:internal/modules/cjs/loader:1119:32)
2025-09-01T00:15:28:     at Module._load (node:internal/modules/cjs/loader:960:12)
2025-09-01T00:15:28:     at Object.<anonymous> (C:\Users\mathe\AppData\Roaming\npm\node_modules\pm2\lib\ProcessContainerFork.js:33:23)
2025-09-01T00:15:28:     at Module._compile (node:internal/modules/cjs/loader:1256:14) {
2025-09-01T00:15:28:   code: 'MODULE_NOT_FOUND',
2025-09-01T00:15:28:   requireStack: [ 'C:\\dashboards\\simex\\server.js' ]
2025-09-01T00:15:28: }
2025-09-01T00:15:30: Error: Cannot find module 'express'
2025-09-01T00:15:30: Require stack:
2025-09-01T00:15:30: - C:\dashboards\simex\server.js
2025-09-01T00:15:30:     at Module._resolveFilename (node:internal/modules/cjs/loader:1077:15)
2025-09-01T00:15:30:     at Hook._require.Module.require (C:\Users\mathe\AppData\Roaming\npm\node_modules\pm2\node_modules\require-in-the-middle\index.js:81:25)
2025-09-01T00:15:30:     at require (node:internal/modules/cjs/helpers:121:18)
2025-09-01T00:15:30:     at Object.<anonymous> (C:\dashboards\simex\server.js:8:17)
2025-09-01T00:15:30:     at Module._compile (node:internal/modules/cjs/loader:1256:14)
2025-09-01T00:15:30:     at Module._extensions..js (node:internal/modules/cjs/loader:1310:10)
2025-09-01T00:15:30:     at Module.load (node:internal/modules/cjs/loader:1119:32)
2025-09-01T00:15:30:     at Module._load (node:internal/modules/cjs/loader:960:12)
2025-09-01T00:15:30:     at Object.<anonymous> (C:\Users\mathe\AppData\Roaming\npm\node_modules\pm2\lib\ProcessContainerFork.js:33:23)
2025-09-01T00:15:30:     at Module._compile (node:internal/modules/cjs/loader:1256:14) {
2025-09-01T00:15:30:   code: 'MODULE_NOT_FOUND',
2025-09-01T00:15:30:   requireStack: [ 'C:\\dashboards\\simex\\server.js' ]
2025-09-01T00:15:30: }
2025-09-01T00:15:32: Error: Cannot find module 'express'
2025-09-01T00:15:32: Require stack:
2025-09-01T00:15:32: - C:\dashboards\simex\server.js
2025-09-01T00:15:32:     at Module._resolveFilename (node:internal/modules/cjs/loader:1077:15)
2025-09-01T00:15:32:     at Hook._require.Module.require (C:\Users\mathe\AppData\Roaming\npm\node_modules\pm2\node_modules\require-in-the-middle\index.js:81:25)
2025-09-01T00:15:32:     at require (node:internal/modules/cjs/helpers:121:18)
2025-09-01T00:15:32:     at Object.<anonymous> (C:\dashboards\simex\server.js:8:17)
2025-09-01T00:15:32:     at Module._compile (node:internal/modules/cjs/loader:1256:14)
2025-09-01T00:15:32:     at Module._extensions..js (node:internal/modules/cjs/loader:1310:10)
2025-09-01T00:15:32:     at Module.load (node:internal/modules/cjs/loader:1119:32)
2025-09-01T00:15:32:     at Module._load (node:internal/modules/cjs/loader:960:12)
2025-09-01T00:15:32:     at Object.<anonymous> (C:\Users\mathe\AppData\Roaming\npm\node_modules\pm2\lib\ProcessContainerFork.js:33:23)
2025-09-01T00:15:32:     at Module._compile (node:internal/modules/cjs/loader:1256:14) {
2025-09-01T00:15:32:   code: 'MODULE_NOT_FOUND',
2025-09-01T00:15:32:   requireStack: [ 'C:\\dashboards\\simex\\server.js' ]
2025-09-01T00:15:32: }
2025-09-01T00:15:34: Error: Cannot find module 'express'
2025-09-01T00:15:34: Require stack:
2025-09-01T00:15:34: - C:\dashboards\simex\server.js
2025-09-01T00:15:34:     at Module._resolveFilename (node:internal/modules/cjs/loader:1077:15)
2025-09-01T00:15:34:     at Hook._require.Module.require (C:\Users\mathe\AppData\Roaming\npm\node_modules\pm2\node_modules\require-in-the-middle\index.js:81:25)
2025-09-01T00:15:34:     at require (node:internal/modules/cjs/helpers:121:18)
2025-09-01T00:15:34:     at Object.<anonymous> (C:\dashboards\simex\server.js:8:17)
2025-09-01T00:15:34:     at Module._compile (node:internal/modules/cjs/loader:1256:14)
2025-09-01T00:15:34:     at Module._extensions..js (node:internal/modules/cjs/loader:1310:10)
2025-09-01T00:15:34:     at Module.load (node:internal/modules/cjs/loader:1119:32)
2025-09-01T00:15:34:     at Module._load (node:internal/modules/cjs/loader:960:12)
2025-09-01T00:15:34:     at Object.<anonymous> (C:\Users\mathe\AppData\Roaming\npm\node_modules\pm2\lib\ProcessContainerFork.js:33:23)
2025-09-01T00:15:34:     at Module._compile (node:internal/modules/cjs/loader:1256:14) {
2025-09-01T00:15:34:   code: 'MODULE_NOT_FOUND',
2025-09-01T00:15:34:   requireStack: [ 'C:\\dashboards\\simex\\server.js' ]
2025-09-01T00:15:34: }
2025-09-01T00:15:36: Error: Cannot find module 'express'
2025-09-01T00:15:36: Require stack:
2025-09-01T00:15:36: - C:\dashboards\simex\server.js
2025-09-01T00:15:36:     at Module._resolveFilename (node:internal/modules/cjs/loader:1077:15)
2025-09-01T00:15:36:     at Hook._require.Module.require (C:\Users\mathe\AppData\Roaming\npm\node_modules\pm2\node_modules\require-in-the-middle\index.js:81:25)
2025-09-01T00:15:36:     at require (node:internal/modules/cjs/helpers:121:18)
2025-09-01T00:15:36:     at Object.<anonymous> (C:\dashboards\simex\server.js:8:17)
2025-09-01T00:15:36:     at Module._compile (node:internal/modules/cjs/loader:1256:14)
2025-09-01T00:15:36:     at Module._extensions..js (node:internal/modules/cjs/loader:1310:10)
2025-09-01T00:15:36:     at Module.load (node:internal/modules/cjs/loader:1119:32)
2025-09-01T00:15:36:     at Module._load (node:internal/modules/cjs/loader:960:12)
2025-09-01T00:15:36:     at Object.<anonymous> (C:\Users\mathe\AppData\Roaming\npm\node_modules\pm2\lib\ProcessContainerFork.js:33:23)
2025-09-01T00:15:36:     at Module._compile (node:internal/modules/cjs/loader:1256:14) {
2025-09-01T00:15:36:   code: 'MODULE_NOT_FOUND',
2025-09-01T00:15:36:   requireStack: [ 'C:\\dashboards\\simex\\server.js' ]
2025-09-01T00:15:36: }
2025-09-01T00:15:39: Error: Cannot find module 'express'
2025-09-01T00:15:39: Require stack:
2025-09-01T00:15:39: - C:\dashboards\simex\server.js
2025-09-01T00:15:39:     at Module._resolveFilename (node:internal/modules/cjs/loader:1077:15)
2025-09-01T00:15:39:     at Hook._require.Module.require (C:\Users\mathe\AppData\Roaming\npm\node_modules\pm2\node_modules\require-in-the-middle\index.js:81:25)
2025-09-01T00:15:39:     at require (node:internal/modules/cjs/helpers:121:18)
2025-09-01T00:15:39:     at Object.<anonymous> (C:\dashboards\simex\server.js:8:17)
2025-09-01T00:15:39:     at Module._compile (node:internal/modules/cjs/loader:1256:14)
2025-09-01T00:15:39:     at Module._extensions..js (node:internal/modules/cjs/loader:1310:10)
2025-09-01T00:15:39:     at Module.load (node:internal/modules/cjs/loader:1119:32)
2025-09-01T00:15:39:     at Module._load (node:internal/modules/cjs/loader:960:12)
2025-09-01T00:15:39:     at Object.<anonymous> (C:\Users\mathe\AppData\Roaming\npm\node_modules\pm2\lib\ProcessContainerFork.js:33:23)
2025-09-01T00:15:39:     at Module._compile (node:internal/modules/cjs/loader:1256:14) {
2025-09-01T00:15:39:   code: 'MODULE_NOT_FOUND',
2025-09-01T00:15:39:   requireStack: [ 'C:\\dashboards\\simex\\server.js' ]
2025-09-01T00:15:39: }
2025-09-01T00:15:41: Error: Cannot find module 'express'
2025-09-01T00:15:41: Require stack:
2025-09-01T00:15:41: - C:\dashboards\simex\server.js
2025-09-01T00:15:41:     at Module._resolveFilename (node:internal/modules/cjs/loader:1077:15)
2025-09-01T00:15:41:     at Hook._require.Module.require (C:\Users\mathe\AppData\Roaming\npm\node_modules\pm2\node_modules\require-in-the-middle\index.js:81:25)
2025-09-01T00:15:41:     at require (node:internal/modules/cjs/helpers:121:18)
2025-09-01T00:15:41:     at Object.<anonymous> (C:\dashboards\simex\server.js:8:17)
2025-09-01T00:15:41:     at Module._compile (node:internal/modules/cjs/loader:1256:14)
2025-09-01T00:15:41:     at Module._extensions..js (node:internal/modules/cjs/loader:1310:10)
2025-09-01T00:15:41:     at Module.load (node:internal/modules/cjs/loader:1119:32)
2025-09-01T00:15:41:     at Module._load (node:internal/modules/cjs/loader:960:12)
2025-09-01T00:15:41:     at Object.<anonymous> (C:\Users\mathe\AppData\Roaming\npm\node_modules\pm2\lib\ProcessContainerFork.js:33:23)
2025-09-01T00:15:41:     at Module._compile (node:internal/modules/cjs/loader:1256:14) {
2025-09-01T00:15:41:   code: 'MODULE_NOT_FOUND',
2025-09-01T00:15:41:   requireStack: [ 'C:\\dashboards\\simex\\server.js' ]
2025-09-01T00:15:41: }
2025-09-01T00:15:44: Error: Cannot find module 'express'
2025-09-01T00:15:44: Require stack:
2025-09-01T00:15:44: - C:\dashboards\simex\server.js
2025-09-01T00:15:44:     at Module._resolveFilename (node:internal/modules/cjs/loader:1077:15)
2025-09-01T00:15:44:     at Hook._require.Module.require (C:\Users\mathe\AppData\Roaming\npm\node_modules\pm2\node_modules\require-in-the-middle\index.js:81:25)
2025-09-01T00:15:44:     at require (node:internal/modules/cjs/helpers:121:18)
2025-09-01T00:15:44:     at Object.<anonymous> (C:\dashboards\simex\server.js:8:17)
2025-09-01T00:15:44:     at Module._compile (node:internal/modules/cjs/loader:1256:14)
2025-09-01T00:15:44:     at Module._extensions..js (node:internal/modules/cjs/loader:1310:10)
2025-09-01T00:15:44:     at Module.load (node:internal/modules/cjs/loader:1119:32)
2025-09-01T00:15:44:     at Module._load (node:internal/modules/cjs/loader:960:12)
2025-09-01T00:15:44:     at Object.<anonymous> (C:\Users\mathe\AppData\Roaming\npm\node_modules\pm2\lib\ProcessContainerFork.js:33:23)
2025-09-01T00:15:44:     at Module._compile (node:internal/modules/cjs/loader:1256:14) {
2025-09-01T00:15:44:   code: 'MODULE_NOT_FOUND',
2025-09-01T00:15:44:   requireStack: [ 'C:\\dashboards\\simex\\server.js' ]
2025-09-01T00:15:44: }
2025-09-01T00:15:46: Error: Cannot find module 'express'
2025-09-01T00:15:46: Require stack:
2025-09-01T00:15:46: - C:\dashboards\simex\server.js
2025-09-01T00:15:46:     at Module._resolveFilename (node:internal/modules/cjs/loader:1077:15)
2025-09-01T00:15:46:     at Hook._require.Module.require (C:\Users\mathe\AppData\Roaming\npm\node_modules\pm2\node_modules\require-in-the-middle\index.js:81:25)
2025-09-01T00:15:46:     at require (node:internal/modules/cjs/helpers:121:18)
2025-09-01T00:15:46:     at Object.<anonymous> (C:\dashboards\simex\server.js:8:17)
2025-09-01T00:15:46:     at Module._compile (node:internal/modules/cjs/loader:1256:14)
2025-09-01T00:15:46:     at Module._extensions..js (node:internal/modules/cjs/loader:1310:10)
2025-09-01T00:15:46:     at Module.load (node:internal/modules/cjs/loader:1119:32)
2025-09-01T00:15:46:     at Module._load (node:internal/modules/cjs/loader:960:12)
2025-09-01T00:15:46:     at Object.<anonymous> (C:\Users\mathe\AppData\Roaming\npm\node_modules\pm2\lib\ProcessContainerFork.js:33:23)
2025-09-01T00:15:46:     at Module._compile (node:internal/modules/cjs/loader:1256:14) {
2025-09-01T00:15:46:   code: 'MODULE_NOT_FOUND',
2025-09-01T00:15:46:   requireStack: [ 'C:\\dashboards\\simex\\server.js' ]
2025-09-01T00:15:46: }
2025-09-01T00:15:48: Error: Cannot find module 'express'
2025-09-01T00:15:48: Require stack:
2025-09-01T00:15:48: - C:\dashboards\simex\server.js
2025-09-01T00:15:48:     at Module._resolveFilename (node:internal/modules/cjs/loader:1077:15)
2025-09-01T00:15:48:     at Hook._require.Module.require (C:\Users\mathe\AppData\Roaming\npm\node_modules\pm2\node_modules\require-in-the-middle\index.js:81:25)
2025-09-01T00:15:48:     at require (node:internal/modules/cjs/helpers:121:18)
2025-09-01T00:15:48:     at Object.<anonymous> (C:\dashboards\simex\server.js:8:17)
2025-09-01T00:15:48:     at Module._compile (node:internal/modules/cjs/loader:1256:14)
2025-09-01T00:15:48:     at Module._extensions..js (node:internal/modules/cjs/loader:1310:10)
2025-09-01T00:15:48:     at Module.load (node:internal/modules/cjs/loader:1119:32)
2025-09-01T00:15:48:     at Module._load (node:internal/modules/cjs/loader:960:12)
2025-09-01T00:15:48:     at Object.<anonymous> (C:\Users\mathe\AppData\Roaming\npm\node_modules\pm2\lib\ProcessContainerFork.js:33:23)
2025-09-01T00:15:48:     at Module._compile (node:internal/modules/cjs/loader:1256:14) {
2025-09-01T00:15:48:   code: 'MODULE_NOT_FOUND',
2025-09-01T00:15:48:   requireStack: [ 'C:\\dashboards\\simex\\server.js' ]
2025-09-01T00:15:48: }
2025-09-01T00:15:51: Error: Cannot find module 'express'
2025-09-01T00:15:51: Require stack:
2025-09-01T00:15:51: - C:\dashboards\simex\server.js
2025-09-01T00:15:51:     at Module._resolveFilename (node:internal/modules/cjs/loader:1077:15)
2025-09-01T00:15:51:     at Hook._require.Module.require (C:\Users\mathe\AppData\Roaming\npm\node_modules\pm2\node_modules\require-in-the-middle\index.js:81:25)
2025-09-01T00:15:51:     at require (node:internal/modules/cjs/helpers:121:18)
2025-09-01T00:15:51:     at Object.<anonymous> (C:\dashboards\simex\server.js:8:17)
2025-09-01T00:15:51:     at Module._compile (node:internal/modules/cjs/loader:1256:14)
2025-09-01T00:15:51:     at Module._extensions..js (node:internal/modules/cjs/loader:1310:10)
2025-09-01T00:15:51:     at Module.load (node:internal/modules/cjs/loader:1119:32)
2025-09-01T00:15:51:     at Module._load (node:internal/modules/cjs/loader:960:12)
2025-09-01T00:15:51:     at Object.<anonymous> (C:\Users\mathe\AppData\Roaming\npm\node_modules\pm2\lib\ProcessContainerFork.js:33:23)
2025-09-01T00:15:51:     at Module._compile (node:internal/modules/cjs/loader:1256:14) {
2025-09-01T00:15:51:   code: 'MODULE_NOT_FOUND',
2025-09-01T00:15:51:   requireStack: [ 'C:\\dashboards\\simex\\server.js' ]
2025-09-01T00:15:51: }
2025-09-01T00:15:53: Error: Cannot find module 'express'
2025-09-01T00:15:53: Require stack:
2025-09-01T00:15:53: - C:\dashboards\simex\server.js
2025-09-01T00:15:53:     at Module._resolveFilename (node:internal/modules/cjs/loader:1077:15)
2025-09-01T00:15:53:     at Hook._require.Module.require (C:\Users\mathe\AppData\Roaming\npm\node_modules\pm2\node_modules\require-in-the-middle\index.js:81:25)
2025-09-01T00:15:53:     at require (node:internal/modules/cjs/helpers:121:18)
2025-09-01T00:15:53:     at Object.<anonymous> (C:\dashboards\simex\server.js:8:17)
2025-09-01T00:15:53:     at Module._compile (node:internal/modules/cjs/loader:1256:14)
2025-09-01T00:15:53:     at Module._extensions..js (node:internal/modules/cjs/loader:1310:10)
2025-09-01T00:15:53:     at Module.load (node:internal/modules/cjs/loader:1119:32)
2025-09-01T00:15:53:     at Module._load (node:internal/modules/cjs/loader:960:12)
2025-09-01T00:15:53:     at Object.<anonymous> (C:\Users\mathe\AppData\Roaming\npm\node_modules\pm2\lib\ProcessContainerFork.js:33:23)
2025-09-01T00:15:53:     at Module._compile (node:internal/modules/cjs/loader:1256:14) {
2025-09-01T00:15:53:   code: 'MODULE_NOT_FOUND',
2025-09-01T00:15:53:   requireStack: [ 'C:\\dashboards\\simex\\server.js' ]
2025-09-01T00:15:53: }
2025-09-01T00:15:55: Error: Cannot find module 'express'
2025-09-01T00:15:55: Require stack:
2025-09-01T00:15:55: - C:\dashboards\simex\server.js
2025-09-01T00:15:55:     at Module._resolveFilename (node:internal/modules/cjs/loader:1077:15)
2025-09-01T00:15:55:     at Hook._require.Module.require (C:\Users\mathe\AppData\Roaming\npm\node_modules\pm2\node_modules\require-in-the-middle\index.js:81:25)
2025-09-01T00:15:55:     at require (node:internal/modules/cjs/helpers:121:18)
2025-09-01T00:15:55:     at Object.<anonymous> (C:\dashboards\simex\server.js:8:17)
2025-09-01T00:15:55:     at Module._compile (node:internal/modules/cjs/loader:1256:14)
2025-09-01T00:15:55:     at Module._extensions..js (node:internal/modules/cjs/loader:1310:10)
2025-09-01T00:15:55:     at Module.load (node:internal/modules/cjs/loader:1119:32)
2025-09-01T00:15:55:     at Module._load (node:internal/modules/cjs/loader:960:12)
2025-09-01T00:15:55:     at Object.<anonymous> (C:\Users\mathe\AppData\Roaming\npm\node_modules\pm2\lib\ProcessContainerFork.js:33:23)
2025-09-01T00:15:55:     at Module._compile (node:internal/modules/cjs/loader:1256:14) {
2025-09-01T00:15:55:   code: 'MODULE_NOT_FOUND',
2025-09-01T00:15:55:   requireStack: [ 'C:\\dashboards\\simex\\server.js' ]
2025-09-01T00:15:55: }
2025-09-01T00:15:57: Error: Cannot find module 'express'
2025-09-01T00:15:57: Require stack:
2025-09-01T00:15:57: - C:\dashboards\simex\server.js
2025-09-01T00:15:57:     at Module._resolveFilename (node:internal/modules/cjs/loader:1077:15)
2025-09-01T00:15:57:     at Hook._require.Module.require (C:\Users\mathe\AppData\Roaming\npm\node_modules\pm2\node_modules\require-in-the-middle\index.js:81:25)
2025-09-01T00:15:57:     at require (node:internal/modules/cjs/helpers:121:18)
2025-09-01T00:15:57:     at Object.<anonymous> (C:\dashboards\simex\server.js:8:17)
2025-09-01T00:15:57:     at Module._compile (node:internal/modules/cjs/loader:1256:14)
2025-09-01T00:15:57:     at Module._extensions..js (node:internal/modules/cjs/loader:1310:10)
2025-09-01T00:15:57:     at Module.load (node:internal/modules/cjs/loader:1119:32)
2025-09-01T00:15:57:     at Module._load (node:internal/modules/cjs/loader:960:12)
2025-09-01T00:15:57:     at Object.<anonymous> (C:\Users\mathe\AppData\Roaming\npm\node_modules\pm2\lib\ProcessContainerFork.js:33:23)
2025-09-01T00:15:57:     at Module._compile (node:internal/modules/cjs/loader:1256:14) {
2025-09-01T00:15:57:   code: 'MODULE_NOT_FOUND',
2025-09-01T00:15:57:   requireStack: [ 'C:\\dashboards\\simex\\server.js' ]
2025-09-01T00:15:57: }
2025-09-01T00:16:00: Error: Cannot find module 'express'
2025-09-01T00:16:00: Require stack:
2025-09-01T00:16:00: - C:\dashboards\simex\server.js
2025-09-01T00:16:00:     at Module._resolveFilename (node:internal/modules/cjs/loader:1077:15)
2025-09-01T00:16:00:     at Hook._require.Module.require (C:\Users\mathe\AppData\Roaming\npm\node_modules\pm2\node_modules\require-in-the-middle\index.js:81:25)
2025-09-01T00:16:00:     at require (node:internal/modules/cjs/helpers:121:18)
2025-09-01T00:16:00:     at Object.<anonymous> (C:\dashboards\simex\server.js:8:17)
2025-09-01T00:16:00:     at Module._compile (node:internal/modules/cjs/loader:1256:14)
2025-09-01T00:16:00:     at Module._extensions..js (node:internal/modules/cjs/loader:1310:10)
2025-09-01T00:16:00:     at Module.load (node:internal/modules/cjs/loader:1119:32)
2025-09-01T00:16:00:     at Module._load (node:internal/modules/cjs/loader:960:12)
2025-09-01T00:16:00:     at Object.<anonymous> (C:\Users\mathe\AppData\Roaming\npm\node_modules\pm2\lib\ProcessContainerFork.js:33:23)
2025-09-01T00:16:00:     at Module._compile (node:internal/modules/cjs/loader:1256:14) {
2025-09-01T00:16:00:   code: 'MODULE_NOT_FOUND',
2025-09-01T00:16:00:   requireStack: [ 'C:\\dashboards\\simex\\server.js' ]
2025-09-01T00:16:00: }
2025-09-01T00:16:02: Error: Cannot find module 'express'
2025-09-01T00:16:02: Require stack:
2025-09-01T00:16:02: - C:\dashboards\simex\server.js
2025-09-01T00:16:02:     at Module._resolveFilename (node:internal/modules/cjs/loader:1077:15)
2025-09-01T00:16:02:     at Hook._require.Module.require (C:\Users\mathe\AppData\Roaming\npm\node_modules\pm2\node_modules\require-in-the-middle\index.js:81:25)
2025-09-01T00:16:02:     at require (node:internal/modules/cjs/helpers:121:18)
2025-09-01T00:16:02:     at Object.<anonymous> (C:\dashboards\simex\server.js:8:17)
2025-09-01T00:16:02:     at Module._compile (node:internal/modules/cjs/loader:1256:14)
2025-09-01T00:16:02:     at Module._extensions..js (node:internal/modules/cjs/loader:1310:10)
2025-09-01T00:16:02:     at Module.load (node:internal/modules/cjs/loader:1119:32)
2025-09-01T00:16:02:     at Module._load (node:internal/modules/cjs/loader:960:12)
2025-09-01T00:16:02:     at Object.<anonymous> (C:\Users\mathe\AppData\Roaming\npm\node_modules\pm2\lib\ProcessContainerFork.js:33:23)
2025-09-01T00:16:02:     at Module._compile (node:internal/modules/cjs/loader:1256:14) {
2025-09-01T00:16:02:   code: 'MODULE_NOT_FOUND',
2025-09-01T00:16:02:   requireStack: [ 'C:\\dashboards\\simex\\server.js' ]
2025-09-01T00:16:02: }
2025-09-01T00:16:04: Error: Cannot find module 'express'
2025-09-01T00:16:04: Require stack:
2025-09-01T00:16:04: - C:\dashboards\simex\server.js
2025-09-01T00:16:04:     at Module._resolveFilename (node:internal/modules/cjs/loader:1077:15)
2025-09-01T00:16:04:     at Hook._require.Module.require (C:\Users\mathe\AppData\Roaming\npm\node_modules\pm2\node_modules\require-in-the-middle\index.js:81:25)
2025-09-01T00:16:04:     at require (node:internal/modules/cjs/helpers:121:18)
2025-09-01T00:16:04:     at Object.<anonymous> (C:\dashboards\simex\server.js:8:17)
2025-09-01T00:16:04:     at Module._compile (node:internal/modules/cjs/loader:1256:14)
2025-09-01T00:16:04:     at Module._extensions..js (node:internal/modules/cjs/loader:1310:10)
2025-09-01T00:16:04:     at Module.load (node:internal/modules/cjs/loader:1119:32)
2025-09-01T00:16:04:     at Module._load (node:internal/modules/cjs/loader:960:12)
2025-09-01T00:16:04:     at Object.<anonymous> (C:\Users\mathe\AppData\Roaming\npm\node_modules\pm2\lib\ProcessContainerFork.js:33:23)
2025-09-01T00:16:04:     at Module._compile (node:internal/modules/cjs/loader:1256:14) {
2025-09-01T00:16:04:   code: 'MODULE_NOT_FOUND',
2025-09-01T00:16:04:   requireStack: [ 'C:\\dashboards\\simex\\server.js' ]
2025-09-01T00:16:04: }
2025-09-01T00:16:07: Error: Cannot find module 'express'
2025-09-01T00:16:07: Require stack:
2025-09-01T00:16:07: - C:\dashboards\simex\server.js
2025-09-01T00:16:07:     at Module._resolveFilename (node:internal/modules/cjs/loader:1077:15)
2025-09-01T00:16:07:     at Hook._require.Module.require (C:\Users\mathe\AppData\Roaming\npm\node_modules\pm2\node_modules\require-in-the-middle\index.js:81:25)
2025-09-01T00:16:07:     at require (node:internal/modules/cjs/helpers:121:18)
2025-09-01T00:16:07:     at Object.<anonymous> (C:\dashboards\simex\server.js:8:17)
2025-09-01T00:16:07:     at Module._compile (node:internal/modules/cjs/loader:1256:14)
2025-09-01T00:16:07:     at Module._extensions..js (node:internal/modules/cjs/loader:1310:10)
2025-09-01T00:16:07:     at Module.load (node:internal/modules/cjs/loader:1119:32)
2025-09-01T00:16:07:     at Module._load (node:internal/modules/cjs/loader:960:12)
2025-09-01T00:16:07:     at Object.<anonymous> (C:\Users\mathe\AppData\Roaming\npm\node_modules\pm2\lib\ProcessContainerFork.js:33:23)
2025-09-01T00:16:07:     at Module._compile (node:internal/modules/cjs/loader:1256:14) {
2025-09-01T00:16:07:   code: 'MODULE_NOT_FOUND',
2025-09-01T00:16:07:   requireStack: [ 'C:\\dashboards\\simex\\server.js' ]
2025-09-01T00:16:07: }
2025-09-01T00:16:09: Error: Cannot find module 'express'
2025-09-01T00:16:09: Require stack:
2025-09-01T00:16:09: - C:\dashboards\simex\server.js
2025-09-01T00:16:09:     at Module._resolveFilename (node:internal/modules/cjs/loader:1077:15)
2025-09-01T00:16:09:     at Hook._require.Module.require (C:\Users\mathe\AppData\Roaming\npm\node_modules\pm2\node_modules\require-in-the-middle\index.js:81:25)
2025-09-01T00:16:09:     at require (node:internal/modules/cjs/helpers:121:18)
2025-09-01T00:16:09:     at Object.<anonymous> (C:\dashboards\simex\server.js:8:17)
2025-09-01T00:16:09:     at Module._compile (node:internal/modules/cjs/loader:1256:14)
2025-09-01T00:16:09:     at Module._extensions..js (node:internal/modules/cjs/loader:1310:10)
2025-09-01T00:16:09:     at Module.load (node:internal/modules/cjs/loader:1119:32)
2025-09-01T00:16:09:     at Module._load (node:internal/modules/cjs/loader:960:12)
2025-09-01T00:16:09:     at Object.<anonymous> (C:\Users\mathe\AppData\Roaming\npm\node_modules\pm2\lib\ProcessContainerFork.js:33:23)
2025-09-01T00:16:09:     at Module._compile (node:internal/modules/cjs/loader:1256:14) {
2025-09-01T00:16:09:   code: 'MODULE_NOT_FOUND',
2025-09-01T00:16:09:   requireStack: [ 'C:\\dashboards\\simex\\server.js' ]
2025-09-01T00:16:09: }
2025-09-01T00:16:11: Error: Cannot find module 'express'
2025-09-01T00:16:11: Require stack:
2025-09-01T00:16:11: - C:\dashboards\simex\server.js
2025-09-01T00:16:11:     at Module._resolveFilename (node:internal/modules/cjs/loader:1077:15)
2025-09-01T00:16:11:     at Hook._require.Module.require (C:\Users\mathe\AppData\Roaming\npm\node_modules\pm2\node_modules\require-in-the-middle\index.js:81:25)
2025-09-01T00:16:11:     at require (node:internal/modules/cjs/helpers:121:18)
2025-09-01T00:16:11:     at Object.<anonymous> (C:\dashboards\simex\server.js:8:17)
2025-09-01T00:16:11:     at Module._compile (node:internal/modules/cjs/loader:1256:14)
2025-09-01T00:16:11:     at Module._extensions..js (node:internal/modules/cjs/loader:1310:10)
2025-09-01T00:16:11:     at Module.load (node:internal/modules/cjs/loader:1119:32)
2025-09-01T00:16:11:     at Module._load (node:internal/modules/cjs/loader:960:12)
2025-09-01T00:16:11:     at Object.<anonymous> (C:\Users\mathe\AppData\Roaming\npm\node_modules\pm2\lib\ProcessContainerFork.js:33:23)
2025-09-01T00:16:11:     at Module._compile (node:internal/modules/cjs/loader:1256:14) {
2025-09-01T00:16:11:   code: 'MODULE_NOT_FOUND',
2025-09-01T00:16:11:   requireStack: [ 'C:\\dashboards\\simex\\server.js' ]
2025-09-01T00:16:11: }
2025-09-01T00:16:14: Error: Cannot find module 'express'
2025-09-01T00:16:14: Require stack:
2025-09-01T00:16:14: - C:\dashboards\simex\server.js
2025-09-01T00:16:14:     at Module._resolveFilename (node:internal/modules/cjs/loader:1077:15)
2025-09-01T00:16:14:     at Hook._require.Module.require (C:\Users\mathe\AppData\Roaming\npm\node_modules\pm2\node_modules\require-in-the-middle\index.js:81:25)
2025-09-01T00:16:14:     at require (node:internal/modules/cjs/helpers:121:18)
2025-09-01T00:16:14:     at Object.<anonymous> (C:\dashboards\simex\server.js:8:17)
2025-09-01T00:16:14:     at Module._compile (node:internal/modules/cjs/loader:1256:14)
2025-09-01T00:16:14:     at Module._extensions..js (node:internal/modules/cjs/loader:1310:10)
2025-09-01T00:16:14:     at Module.load (node:internal/modules/cjs/loader:1119:32)
2025-09-01T00:16:14:     at Module._load (node:internal/modules/cjs/loader:960:12)
2025-09-01T00:16:14:     at Object.<anonymous> (C:\Users\mathe\AppData\Roaming\npm\node_modules\pm2\lib\ProcessContainerFork.js:33:23)
2025-09-01T00:16:14:     at Module._compile (node:internal/modules/cjs/loader:1256:14) {
2025-09-01T00:16:14:   code: 'MODULE_NOT_FOUND',
2025-09-01T00:16:14:   requireStack: [ 'C:\\dashboards\\simex\\server.js' ]
2025-09-01T00:16:14: }
2025-09-01T00:16:16: Error: Cannot find module 'express'
2025-09-01T00:16:16: Require stack:
2025-09-01T00:16:16: - C:\dashboards\simex\server.js
2025-09-01T00:16:16:     at Module._resolveFilename (node:internal/modules/cjs/loader:1077:15)
2025-09-01T00:16:16:     at Hook._require.Module.require (C:\Users\mathe\AppData\Roaming\npm\node_modules\pm2\node_modules\require-in-the-middle\index.js:81:25)
2025-09-01T00:16:16:     at require (node:internal/modules/cjs/helpers:121:18)
2025-09-01T00:16:16:     at Object.<anonymous> (C:\dashboards\simex\server.js:8:17)
2025-09-01T00:16:16:     at Module._compile (node:internal/modules/cjs/loader:1256:14)
2025-09-01T00:16:16:     at Module._extensions..js (node:internal/modules/cjs/loader:1310:10)
2025-09-01T00:16:16:     at Module.load (node:internal/modules/cjs/loader:1119:32)
2025-09-01T00:16:16:     at Module._load (node:internal/modules/cjs/loader:960:12)
2025-09-01T00:16:16:     at Object.<anonymous> (C:\Users\mathe\AppData\Roaming\npm\node_modules\pm2\lib\ProcessContainerFork.js:33:23)
2025-09-01T00:16:16:     at Module._compile (node:internal/modules/cjs/loader:1256:14) {
2025-09-01T00:16:16:   code: 'MODULE_NOT_FOUND',
2025-09-01T00:16:16:   requireStack: [ 'C:\\dashboards\\simex\\server.js' ]
2025-09-01T00:16:16: }
2025-09-01T00:16:18: Error: Cannot find module 'express'
2025-09-01T00:16:18: Require stack:
2025-09-01T00:16:18: - C:\dashboards\simex\server.js
2025-09-01T00:16:18:     at Module._resolveFilename (node:internal/modules/cjs/loader:1077:15)
2025-09-01T00:16:18:     at Hook._require.Module.require (C:\Users\mathe\AppData\Roaming\npm\node_modules\pm2\node_modules\require-in-the-middle\index.js:81:25)
2025-09-01T00:16:18:     at require (node:internal/modules/cjs/helpers:121:18)
2025-09-01T00:16:18:     at Object.<anonymous> (C:\dashboards\simex\server.js:8:17)
2025-09-01T00:16:18:     at Module._compile (node:internal/modules/cjs/loader:1256:14)
2025-09-01T00:16:18:     at Module._extensions..js (node:internal/modules/cjs/loader:1310:10)
2025-09-01T00:16:18:     at Module.load (node:internal/modules/cjs/loader:1119:32)
2025-09-01T00:16:18:     at Module._load (node:internal/modules/cjs/loader:960:12)
2025-09-01T00:16:18:     at Object.<anonymous> (C:\Users\mathe\AppData\Roaming\npm\node_modules\pm2\lib\ProcessContainerFork.js:33:23)
2025-09-01T00:16:18:     at Module._compile (node:internal/modules/cjs/loader:1256:14) {
2025-09-01T00:16:18:   code: 'MODULE_NOT_FOUND',
2025-09-01T00:16:18:   requireStack: [ 'C:\\dashboards\\simex\\server.js' ]
2025-09-01T00:16:18: }
2025-09-01T00:16:20: Error: Cannot find module 'express'
2025-09-01T00:16:20: Require stack:
2025-09-01T00:16:20: - C:\dashboards\simex\server.js
2025-09-01T00:16:20:     at Module._resolveFilename (node:internal/modules/cjs/loader:1077:15)
2025-09-01T00:16:20:     at Hook._require.Module.require (C:\Users\mathe\AppData\Roaming\npm\node_modules\pm2\node_modules\require-in-the-middle\index.js:81:25)
2025-09-01T00:16:20:     at require (node:internal/modules/cjs/helpers:121:18)
2025-09-01T00:16:20:     at Object.<anonymous> (C:\dashboards\simex\server.js:8:17)
2025-09-01T00:16:20:     at Module._compile (node:internal/modules/cjs/loader:1256:14)
2025-09-01T00:16:20:     at Module._extensions..js (node:internal/modules/cjs/loader:1310:10)
2025-09-01T00:16:20:     at Module.load (node:internal/modules/cjs/loader:1119:32)
2025-09-01T00:16:20:     at Module._load (node:internal/modules/cjs/loader:960:12)
2025-09-01T00:16:20:     at Object.<anonymous> (C:\Users\mathe\AppData\Roaming\npm\node_modules\pm2\lib\ProcessContainerFork.js:33:23)
2025-09-01T00:16:20:     at Module._compile (node:internal/modules/cjs/loader:1256:14) {
2025-09-01T00:16:20:   code: 'MODULE_NOT_FOUND',
2025-09-01T00:16:20:   requireStack: [ 'C:\\dashboards\\simex\\server.js' ]
2025-09-01T00:16:20: }
2025-09-01T00:16:22: Error: Cannot find module 'express'
2025-09-01T00:16:22: Require stack:
2025-09-01T00:16:22: - C:\dashboards\simex\server.js
2025-09-01T00:16:22:     at Module._resolveFilename (node:internal/modules/cjs/loader:1077:15)
2025-09-01T00:16:22:     at Hook._require.Module.require (C:\Users\mathe\AppData\Roaming\npm\node_modules\pm2\node_modules\require-in-the-middle\index.js:81:25)
2025-09-01T00:16:22:     at require (node:internal/modules/cjs/helpers:121:18)
2025-09-01T00:16:22:     at Object.<anonymous> (C:\dashboards\simex\server.js:8:17)
2025-09-01T00:16:22:     at Module._compile (node:internal/modules/cjs/loader:1256:14)
2025-09-01T00:16:22:     at Module._extensions..js (node:internal/modules/cjs/loader:1310:10)
2025-09-01T00:16:22:     at Module.load (node:internal/modules/cjs/loader:1119:32)
2025-09-01T00:16:22:     at Module._load (node:internal/modules/cjs/loader:960:12)
2025-09-01T00:16:22:     at Object.<anonymous> (C:\Users\mathe\AppData\Roaming\npm\node_modules\pm2\lib\ProcessContainerFork.js:33:23)
2025-09-01T00:16:22:     at Module._compile (node:internal/modules/cjs/loader:1256:14) {
2025-09-01T00:16:22:   code: 'MODULE_NOT_FOUND',
2025-09-01T00:16:22:   requireStack: [ 'C:\\dashboards\\simex\\server.js' ]
2025-09-01T00:16:22: }
2025-09-01T00:16:25: Error: Cannot find module 'express'
2025-09-01T00:16:25: Require stack:
2025-09-01T00:16:25: - C:\dashboards\simex\server.js
2025-09-01T00:16:25:     at Module._resolveFilename (node:internal/modules/cjs/loader:1077:15)
2025-09-01T00:16:25:     at Hook._require.Module.require (C:\Users\mathe\AppData\Roaming\npm\node_modules\pm2\node_modules\require-in-the-middle\index.js:81:25)
2025-09-01T00:16:25:     at require (node:internal/modules/cjs/helpers:121:18)
2025-09-01T00:16:25:     at Object.<anonymous> (C:\dashboards\simex\server.js:8:17)
2025-09-01T00:16:25:     at Module._compile (node:internal/modules/cjs/loader:1256:14)
2025-09-01T00:16:25:     at Module._extensions..js (node:internal/modules/cjs/loader:1310:10)
2025-09-01T00:16:25:     at Module.load (node:internal/modules/cjs/loader:1119:32)
2025-09-01T00:16:25:     at Module._load (node:internal/modules/cjs/loader:960:12)
2025-09-01T00:16:25:     at Object.<anonymous> (C:\Users\mathe\AppData\Roaming\npm\node_modules\pm2\lib\ProcessContainerFork.js:33:23)
2025-09-01T00:16:25:     at Module._compile (node:internal/modules/cjs/loader:1256:14) {
2025-09-01T00:16:25:   code: 'MODULE_NOT_FOUND',
2025-09-01T00:16:25:   requireStack: [ 'C:\\dashboards\\simex\\server.js' ]
2025-09-01T00:16:25: }
2025-09-01T00:16:27: Error: Cannot find module 'express'
2025-09-01T00:16:27: Require stack:
2025-09-01T00:16:27: - C:\dashboards\simex\server.js
2025-09-01T00:16:27:     at Module._resolveFilename (node:internal/modules/cjs/loader:1077:15)
2025-09-01T00:16:27:     at Hook._require.Module.require (C:\Users\mathe\AppData\Roaming\npm\node_modules\pm2\node_modules\require-in-the-middle\index.js:81:25)
2025-09-01T00:16:27:     at require (node:internal/modules/cjs/helpers:121:18)
2025-09-01T00:16:27:     at Object.<anonymous> (C:\dashboards\simex\server.js:8:17)
2025-09-01T00:16:27:     at Module._compile (node:internal/modules/cjs/loader:1256:14)
2025-09-01T00:16:27:     at Module._extensions..js (node:internal/modules/cjs/loader:1310:10)
2025-09-01T00:16:27:     at Module.load (node:internal/modules/cjs/loader:1119:32)
2025-09-01T00:16:27:     at Module._load (node:internal/modules/cjs/loader:960:12)
2025-09-01T00:16:27:     at Object.<anonymous> (C:\Users\mathe\AppData\Roaming\npm\node_modules\pm2\lib\ProcessContainerFork.js:33:23)
2025-09-01T00:16:27:     at Module._compile (node:internal/modules/cjs/loader:1256:14) {
2025-09-01T00:16:27:   code: 'MODULE_NOT_FOUND',
2025-09-01T00:16:27:   requireStack: [ 'C:\\dashboards\\simex\\server.js' ]
2025-09-01T00:16:27: }
2025-09-01T00:16:29: Error: Cannot find module 'express'
2025-09-01T00:16:29: Require stack:
2025-09-01T00:16:29: - C:\dashboards\simex\server.js
2025-09-01T00:16:29:     at Module._resolveFilename (node:internal/modules/cjs/loader:1077:15)
2025-09-01T00:16:29:     at Hook._require.Module.require (C:\Users\mathe\AppData\Roaming\npm\node_modules\pm2\node_modules\require-in-the-middle\index.js:81:25)
2025-09-01T00:16:29:     at require (node:internal/modules/cjs/helpers:121:18)
2025-09-01T00:16:29:     at Object.<anonymous> (C:\dashboards\simex\server.js:8:17)
2025-09-01T00:16:29:     at Module._compile (node:internal/modules/cjs/loader:1256:14)
2025-09-01T00:16:29:     at Module._extensions..js (node:internal/modules/cjs/loader:1310:10)
2025-09-01T00:16:29:     at Module.load (node:internal/modules/cjs/loader:1119:32)
2025-09-01T00:16:29:     at Module._load (node:internal/modules/cjs/loader:960:12)
2025-09-01T00:16:29:     at Object.<anonymous> (C:\Users\mathe\AppData\Roaming\npm\node_modules\pm2\lib\ProcessContainerFork.js:33:23)
2025-09-01T00:16:29:     at Module._compile (node:internal/modules/cjs/loader:1256:14) {
2025-09-01T00:16:29:   code: 'MODULE_NOT_FOUND',
2025-09-01T00:16:29:   requireStack: [ 'C:\\dashboards\\simex\\server.js' ]
2025-09-01T00:16:29: }
2025-09-01T00:16:31: Error: Cannot find module 'express'
2025-09-01T00:16:31: Require stack:
2025-09-01T00:16:31: - C:\dashboards\simex\server.js
2025-09-01T00:16:31:     at Module._resolveFilename (node:internal/modules/cjs/loader:1077:15)
2025-09-01T00:16:31:     at Hook._require.Module.require (C:\Users\mathe\AppData\Roaming\npm\node_modules\pm2\node_modules\require-in-the-middle\index.js:81:25)
2025-09-01T00:16:31:     at require (node:internal/modules/cjs/helpers:121:18)
2025-09-01T00:16:31:     at Object.<anonymous> (C:\dashboards\simex\server.js:8:17)
2025-09-01T00:16:31:     at Module._compile (node:internal/modules/cjs/loader:1256:14)
2025-09-01T00:16:31:     at Module._extensions..js (node:internal/modules/cjs/loader:1310:10)
2025-09-01T00:16:31:     at Module.load (node:internal/modules/cjs/loader:1119:32)
2025-09-01T00:16:31:     at Module._load (node:internal/modules/cjs/loader:960:12)
2025-09-01T00:16:31:     at Object.<anonymous> (C:\Users\mathe\AppData\Roaming\npm\node_modules\pm2\lib\ProcessContainerFork.js:33:23)
2025-09-01T00:16:31:     at Module._compile (node:internal/modules/cjs/loader:1256:14) {
2025-09-01T00:16:31:   code: 'MODULE_NOT_FOUND',
2025-09-01T00:16:31:   requireStack: [ 'C:\\dashboards\\simex\\server.js' ]
2025-09-01T00:16:31: }
2025-09-01T00:16:34: Error: Cannot find module 'express'
2025-09-01T00:16:34: Require stack:
2025-09-01T00:16:34: - C:\dashboards\simex\server.js
2025-09-01T00:16:34:     at Module._resolveFilename (node:internal/modules/cjs/loader:1077:15)
2025-09-01T00:16:34:     at Hook._require.Module.require (C:\Users\mathe\AppData\Roaming\npm\node_modules\pm2\node_modules\require-in-the-middle\index.js:81:25)
2025-09-01T00:16:34:     at require (node:internal/modules/cjs/helpers:121:18)
2025-09-01T00:16:34:     at Object.<anonymous> (C:\dashboards\simex\server.js:8:17)
2025-09-01T00:16:34:     at Module._compile (node:internal/modules/cjs/loader:1256:14)
2025-09-01T00:16:34:     at Module._extensions..js (node:internal/modules/cjs/loader:1310:10)
2025-09-01T00:16:34:     at Module.load (node:internal/modules/cjs/loader:1119:32)
2025-09-01T00:16:34:     at Module._load (node:internal/modules/cjs/loader:960:12)
2025-09-01T00:16:34:     at Object.<anonymous> (C:\Users\mathe\AppData\Roaming\npm\node_modules\pm2\lib\ProcessContainerFork.js:33:23)
2025-09-01T00:16:34:     at Module._compile (node:internal/modules/cjs/loader:1256:14) {
2025-09-01T00:16:34:   code: 'MODULE_NOT_FOUND',
2025-09-01T00:16:34:   requireStack: [ 'C:\\dashboards\\simex\\server.js' ]
2025-09-01T00:16:34: }
2025-09-01T00:16:36: Error: Cannot find module 'express'
2025-09-01T00:16:36: Require stack:
2025-09-01T00:16:36: - C:\dashboards\simex\server.js
2025-09-01T00:16:36:     at Module._resolveFilename (node:internal/modules/cjs/loader:1077:15)
2025-09-01T00:16:36:     at Hook._require.Module.require (C:\Users\mathe\AppData\Roaming\npm\node_modules\pm2\node_modules\require-in-the-middle\index.js:81:25)
2025-09-01T00:16:36:     at require (node:internal/modules/cjs/helpers:121:18)
2025-09-01T00:16:36:     at Object.<anonymous> (C:\dashboards\simex\server.js:8:17)
2025-09-01T00:16:36:     at Module._compile (node:internal/modules/cjs/loader:1256:14)
2025-09-01T00:16:36:     at Module._extensions..js (node:internal/modules/cjs/loader:1310:10)
2025-09-01T00:16:36:     at Module.load (node:internal/modules/cjs/loader:1119:32)
2025-09-01T00:16:36:     at Module._load (node:internal/modules/cjs/loader:960:12)
2025-09-01T00:16:36:     at Object.<anonymous> (C:\Users\mathe\AppData\Roaming\npm\node_modules\pm2\lib\ProcessContainerFork.js:33:23)
2025-09-01T00:16:36:     at Module._compile (node:internal/modules/cjs/loader:1256:14) {
2025-09-01T00:16:36:   code: 'MODULE_NOT_FOUND',
2025-09-01T00:16:36:   requireStack: [ 'C:\\dashboards\\simex\\server.js' ]
2025-09-01T00:16:36: }
2025-09-01T00:16:38: Error: Cannot find module 'express'
2025-09-01T00:16:38: Require stack:
2025-09-01T00:16:38: - C:\dashboards\simex\server.js
2025-09-01T00:16:38:     at Module._resolveFilename (node:internal/modules/cjs/loader:1077:15)
2025-09-01T00:16:38:     at Hook._require.Module.require (C:\Users\mathe\AppData\Roaming\npm\node_modules\pm2\node_modules\require-in-the-middle\index.js:81:25)
2025-09-01T00:16:38:     at require (node:internal/modules/cjs/helpers:121:18)
2025-09-01T00:16:38:     at Object.<anonymous> (C:\dashboards\simex\server.js:8:17)
2025-09-01T00:16:38:     at Module._compile (node:internal/modules/cjs/loader:1256:14)
2025-09-01T00:16:38:     at Module._extensions..js (node:internal/modules/cjs/loader:1310:10)
2025-09-01T00:16:38:     at Module.load (node:internal/modules/cjs/loader:1119:32)
2025-09-01T00:16:38:     at Module._load (node:internal/modules/cjs/loader:960:12)
2025-09-01T00:16:38:     at Object.<anonymous> (C:\Users\mathe\AppData\Roaming\npm\node_modules\pm2\lib\ProcessContainerFork.js:33:23)
2025-09-01T00:16:38:     at Module._compile (node:internal/modules/cjs/loader:1256:14) {
2025-09-01T00:16:38:   code: 'MODULE_NOT_FOUND',
2025-09-01T00:16:38:   requireStack: [ 'C:\\dashboards\\simex\\server.js' ]
2025-09-01T00:16:38: }
2025-09-01T00:16:41: Error: Cannot find module 'express'
2025-09-01T00:16:41: Require stack:
2025-09-01T00:16:41: - C:\dashboards\simex\server.js
2025-09-01T00:16:41:     at Module._resolveFilename (node:internal/modules/cjs/loader:1077:15)
2025-09-01T00:16:41:     at Hook._require.Module.require (C:\Users\mathe\AppData\Roaming\npm\node_modules\pm2\node_modules\require-in-the-middle\index.js:81:25)
2025-09-01T00:16:41:     at require (node:internal/modules/cjs/helpers:121:18)
2025-09-01T00:16:41:     at Object.<anonymous> (C:\dashboards\simex\server.js:8:17)
2025-09-01T00:16:41:     at Module._compile (node:internal/modules/cjs/loader:1256:14)
2025-09-01T00:16:41:     at Module._extensions..js (node:internal/modules/cjs/loader:1310:10)
2025-09-01T00:16:41:     at Module.load (node:internal/modules/cjs/loader:1119:32)
2025-09-01T00:16:41:     at Module._load (node:internal/modules/cjs/loader:960:12)
2025-09-01T00:16:41:     at Object.<anonymous> (C:\Users\mathe\AppData\Roaming\npm\node_modules\pm2\lib\ProcessContainerFork.js:33:23)
2025-09-01T00:16:41:     at Module._compile (node:internal/modules/cjs/loader:1256:14) {
2025-09-01T00:16:41:   code: 'MODULE_NOT_FOUND',
2025-09-01T00:16:41:   requireStack: [ 'C:\\dashboards\\simex\\server.js' ]
2025-09-01T00:16:41: }
2025-09-01T00:16:43: Error: Cannot find module 'express'
2025-09-01T00:16:43: Require stack:
2025-09-01T00:16:43: - C:\dashboards\simex\server.js
2025-09-01T00:16:43:     at Module._resolveFilename (node:internal/modules/cjs/loader:1077:15)
2025-09-01T00:16:43:     at Hook._require.Module.require (C:\Users\mathe\AppData\Roaming\npm\node_modules\pm2\node_modules\require-in-the-middle\index.js:81:25)
2025-09-01T00:16:43:     at require (node:internal/modules/cjs/helpers:121:18)
2025-09-01T00:16:43:     at Object.<anonymous> (C:\dashboards\simex\server.js:8:17)
2025-09-01T00:16:43:     at Module._compile (node:internal/modules/cjs/loader:1256:14)
2025-09-01T00:16:43:     at Module._extensions..js (node:internal/modules/cjs/loader:1310:10)
2025-09-01T00:16:43:     at Module.load (node:internal/modules/cjs/loader:1119:32)
2025-09-01T00:16:43:     at Module._load (node:internal/modules/cjs/loader:960:12)
2025-09-01T00:16:43:     at Object.<anonymous> (C:\Users\mathe\AppData\Roaming\npm\node_modules\pm2\lib\ProcessContainerFork.js:33:23)
2025-09-01T00:16:43:     at Module._compile (node:internal/modules/cjs/loader:1256:14) {
2025-09-01T00:16:43:   code: 'MODULE_NOT_FOUND',
2025-09-01T00:16:43:   requireStack: [ 'C:\\dashboards\\simex\\server.js' ]
2025-09-01T00:16:43: }
2025-09-01T00:16:45: Error: Cannot find module 'express'
2025-09-01T00:16:45: Require stack:
2025-09-01T00:16:45: - C:\dashboards\simex\server.js
2025-09-01T00:16:45:     at Module._resolveFilename (node:internal/modules/cjs/loader:1077:15)
2025-09-01T00:16:45:     at Hook._require.Module.require (C:\Users\mathe\AppData\Roaming\npm\node_modules\pm2\node_modules\require-in-the-middle\index.js:81:25)
2025-09-01T00:16:45:     at require (node:internal/modules/cjs/helpers:121:18)
2025-09-01T00:16:45:     at Object.<anonymous> (C:\dashboards\simex\server.js:8:17)
2025-09-01T00:16:45:     at Module._compile (node:internal/modules/cjs/loader:1256:14)
2025-09-01T00:16:45:     at Module._extensions..js (node:internal/modules/cjs/loader:1310:10)
2025-09-01T00:16:45:     at Module.load (node:internal/modules/cjs/loader:1119:32)
2025-09-01T00:16:45:     at Module._load (node:internal/modules/cjs/loader:960:12)
2025-09-01T00:16:45:     at Object.<anonymous> (C:\Users\mathe\AppData\Roaming\npm\node_modules\pm2\lib\ProcessContainerFork.js:33:23)
2025-09-01T00:16:45:     at Module._compile (node:internal/modules/cjs/loader:1256:14) {
2025-09-01T00:16:45:   code: 'MODULE_NOT_FOUND',
2025-09-01T00:16:45:   requireStack: [ 'C:\\dashboards\\simex\\server.js' ]
2025-09-01T00:16:45: }
2025-09-01T00:16:48: Error: Cannot find module 'express'
2025-09-01T00:16:48: Require stack:
2025-09-01T00:16:48: - C:\dashboards\simex\server.js
2025-09-01T00:16:48:     at Module._resolveFilename (node:internal/modules/cjs/loader:1077:15)
2025-09-01T00:16:48:     at Hook._require.Module.require (C:\Users\mathe\AppData\Roaming\npm\node_modules\pm2\node_modules\require-in-the-middle\index.js:81:25)
2025-09-01T00:16:48:     at require (node:internal/modules/cjs/helpers:121:18)
2025-09-01T00:16:48:     at Object.<anonymous> (C:\dashboards\simex\server.js:8:17)
2025-09-01T00:16:48:     at Module._compile (node:internal/modules/cjs/loader:1256:14)
2025-09-01T00:16:48:     at Module._extensions..js (node:internal/modules/cjs/loader:1310:10)
2025-09-01T00:16:48:     at Module.load (node:internal/modules/cjs/loader:1119:32)
2025-09-01T00:16:48:     at Module._load (node:internal/modules/cjs/loader:960:12)
2025-09-01T00:16:48:     at Object.<anonymous> (C:\Users\mathe\AppData\Roaming\npm\node_modules\pm2\lib\ProcessContainerFork.js:33:23)
2025-09-01T00:16:48:     at Module._compile (node:internal/modules/cjs/loader:1256:14) {
2025-09-01T00:16:48:   code: 'MODULE_NOT_FOUND',
2025-09-01T00:16:48:   requireStack: [ 'C:\\dashboards\\simex\\server.js' ]
2025-09-01T00:16:48: }
2025-09-01T00:16:50: Error: Cannot find module 'express'
2025-09-01T00:16:50: Require stack:
2025-09-01T00:16:50: - C:\dashboards\simex\server.js
2025-09-01T00:16:50:     at Module._resolveFilename (node:internal/modules/cjs/loader:1077:15)
2025-09-01T00:16:50:     at Hook._require.Module.require (C:\Users\mathe\AppData\Roaming\npm\node_modules\pm2\node_modules\require-in-the-middle\index.js:81:25)
2025-09-01T00:16:50:     at require (node:internal/modules/cjs/helpers:121:18)
2025-09-01T00:16:50:     at Object.<anonymous> (C:\dashboards\simex\server.js:8:17)
2025-09-01T00:16:50:     at Module._compile (node:internal/modules/cjs/loader:1256:14)
2025-09-01T00:16:50:     at Module._extensions..js (node:internal/modules/cjs/loader:1310:10)
2025-09-01T00:16:50:     at Module.load (node:internal/modules/cjs/loader:1119:32)
2025-09-01T00:16:50:     at Module._load (node:internal/modules/cjs/loader:960:12)
2025-09-01T00:16:50:     at Object.<anonymous> (C:\Users\mathe\AppData\Roaming\npm\node_modules\pm2\lib\ProcessContainerFork.js:33:23)
2025-09-01T00:16:50:     at Module._compile (node:internal/modules/cjs/loader:1256:14) {
2025-09-01T00:16:50:   code: 'MODULE_NOT_FOUND',
2025-09-01T00:16:50:   requireStack: [ 'C:\\dashboards\\simex\\server.js' ]
2025-09-01T00:16:50: }
2025-09-01T00:16:52: Error: Cannot find module 'express'
2025-09-01T00:16:52: Require stack:
2025-09-01T00:16:52: - C:\dashboards\simex\server.js
2025-09-01T00:16:52:     at Module._resolveFilename (node:internal/modules/cjs/loader:1077:15)
2025-09-01T00:16:52:     at Hook._require.Module.require (C:\Users\mathe\AppData\Roaming\npm\node_modules\pm2\node_modules\require-in-the-middle\index.js:81:25)
2025-09-01T00:16:52:     at require (node:internal/modules/cjs/helpers:121:18)
2025-09-01T00:16:52:     at Object.<anonymous> (C:\dashboards\simex\server.js:8:17)
2025-09-01T00:16:52:     at Module._compile (node:internal/modules/cjs/loader:1256:14)
2025-09-01T00:16:52:     at Module._extensions..js (node:internal/modules/cjs/loader:1310:10)
2025-09-01T00:16:52:     at Module.load (node:internal/modules/cjs/loader:1119:32)
2025-09-01T00:16:52:     at Module._load (node:internal/modules/cjs/loader:960:12)
2025-09-01T00:16:52:     at Object.<anonymous> (C:\Users\mathe\AppData\Roaming\npm\node_modules\pm2\lib\ProcessContainerFork.js:33:23)
2025-09-01T00:16:52:     at Module._compile (node:internal/modules/cjs/loader:1256:14) {
2025-09-01T00:16:52:   code: 'MODULE_NOT_FOUND',
2025-09-01T00:16:52:   requireStack: [ 'C:\\dashboards\\simex\\server.js' ]
2025-09-01T00:16:52: }
2025-09-01T00:16:54: Error: Cannot find module 'express'
2025-09-01T00:16:54: Require stack:
2025-09-01T00:16:54: - C:\dashboards\simex\server.js
2025-09-01T00:16:54:     at Module._resolveFilename (node:internal/modules/cjs/loader:1077:15)
2025-09-01T00:16:54:     at Hook._require.Module.require (C:\Users\mathe\AppData\Roaming\npm\node_modules\pm2\node_modules\require-in-the-middle\index.js:81:25)
2025-09-01T00:16:54:     at require (node:internal/modules/cjs/helpers:121:18)
2025-09-01T00:16:54:     at Object.<anonymous> (C:\dashboards\simex\server.js:8:17)
2025-09-01T00:16:54:     at Module._compile (node:internal/modules/cjs/loader:1256:14)
2025-09-01T00:16:54:     at Module._extensions..js (node:internal/modules/cjs/loader:1310:10)
2025-09-01T00:16:54:     at Module.load (node:internal/modules/cjs/loader:1119:32)
2025-09-01T00:16:54:     at Module._load (node:internal/modules/cjs/loader:960:12)
2025-09-01T00:16:54:     at Object.<anonymous> (C:\Users\mathe\AppData\Roaming\npm\node_modules\pm2\lib\ProcessContainerFork.js:33:23)
2025-09-01T00:16:54:     at Module._compile (node:internal/modules/cjs/loader:1256:14) {
2025-09-01T00:16:54:   code: 'MODULE_NOT_FOUND',
2025-09-01T00:16:54:   requireStack: [ 'C:\\dashboards\\simex\\server.js' ]
2025-09-01T00:16:54: }
2025-09-01T00:16:57: Error: Cannot find module 'express'
2025-09-01T00:16:57: Require stack:
2025-09-01T00:16:57: - C:\dashboards\simex\server.js
2025-09-01T00:16:57:     at Module._resolveFilename (node:internal/modules/cjs/loader:1077:15)
2025-09-01T00:16:57:     at Hook._require.Module.require (C:\Users\mathe\AppData\Roaming\npm\node_modules\pm2\node_modules\require-in-the-middle\index.js:81:25)
2025-09-01T00:16:57:     at require (node:internal/modules/cjs/helpers:121:18)
2025-09-01T00:16:57:     at Object.<anonymous> (C:\dashboards\simex\server.js:8:17)
2025-09-01T00:16:57:     at Module._compile (node:internal/modules/cjs/loader:1256:14)
2025-09-01T00:16:57:     at Module._extensions..js (node:internal/modules/cjs/loader:1310:10)
2025-09-01T00:16:57:     at Module.load (node:internal/modules/cjs/loader:1119:32)
2025-09-01T00:16:57:     at Module._load (node:internal/modules/cjs/loader:960:12)
2025-09-01T00:16:57:     at Object.<anonymous> (C:\Users\mathe\AppData\Roaming\npm\node_modules\pm2\lib\ProcessContainerFork.js:33:23)
2025-09-01T00:16:57:     at Module._compile (node:internal/modules/cjs/loader:1256:14) {
2025-09-01T00:16:57:   code: 'MODULE_NOT_FOUND',
2025-09-01T00:16:57:   requireStack: [ 'C:\\dashboards\\simex\\server.js' ]
2025-09-01T00:16:57: }
2025-09-01T00:16:59: Error: Cannot find module 'express'
2025-09-01T00:16:59: Require stack:
2025-09-01T00:16:59: - C:\dashboards\simex\server.js
2025-09-01T00:16:59:     at Module._resolveFilename (node:internal/modules/cjs/loader:1077:15)
2025-09-01T00:16:59:     at Hook._require.Module.require (C:\Users\mathe\AppData\Roaming\npm\node_modules\pm2\node_modules\require-in-the-middle\index.js:81:25)
2025-09-01T00:16:59:     at require (node:internal/modules/cjs/helpers:121:18)
2025-09-01T00:16:59:     at Object.<anonymous> (C:\dashboards\simex\server.js:8:17)
2025-09-01T00:16:59:     at Module._compile (node:internal/modules/cjs/loader:1256:14)
2025-09-01T00:16:59:     at Module._extensions..js (node:internal/modules/cjs/loader:1310:10)
2025-09-01T00:16:59:     at Module.load (node:internal/modules/cjs/loader:1119:32)
2025-09-01T00:16:59:     at Module._load (node:internal/modules/cjs/loader:960:12)
2025-09-01T00:16:59:     at Object.<anonymous> (C:\Users\mathe\AppData\Roaming\npm\node_modules\pm2\lib\ProcessContainerFork.js:33:23)
2025-09-01T00:16:59:     at Module._compile (node:internal/modules/cjs/loader:1256:14) {
2025-09-01T00:16:59:   code: 'MODULE_NOT_FOUND',
2025-09-01T00:16:59:   requireStack: [ 'C:\\dashboards\\simex\\server.js' ]
2025-09-01T00:16:59: }
2025-09-01T00:17:01: Error: Cannot find module 'express'
2025-09-01T00:17:01: Require stack:
2025-09-01T00:17:01: - C:\dashboards\simex\server.js
2025-09-01T00:17:01:     at Module._resolveFilename (node:internal/modules/cjs/loader:1077:15)
2025-09-01T00:17:01:     at Hook._require.Module.require (C:\Users\mathe\AppData\Roaming\npm\node_modules\pm2\node_modules\require-in-the-middle\index.js:81:25)
2025-09-01T00:17:01:     at require (node:internal/modules/cjs/helpers:121:18)
2025-09-01T00:17:01:     at Object.<anonymous> (C:\dashboards\simex\server.js:8:17)
2025-09-01T00:17:01:     at Module._compile (node:internal/modules/cjs/loader:1256:14)
2025-09-01T00:17:01:     at Module._extensions..js (node:internal/modules/cjs/loader:1310:10)
2025-09-01T00:17:01:     at Module.load (node:internal/modules/cjs/loader:1119:32)
2025-09-01T00:17:01:     at Module._load (node:internal/modules/cjs/loader:960:12)
2025-09-01T00:17:01:     at Object.<anonymous> (C:\Users\mathe\AppData\Roaming\npm\node_modules\pm2\lib\ProcessContainerFork.js:33:23)
2025-09-01T00:17:01:     at Module._compile (node:internal/modules/cjs/loader:1256:14) {
2025-09-01T00:17:01:   code: 'MODULE_NOT_FOUND',
2025-09-01T00:17:01:   requireStack: [ 'C:\\dashboards\\simex\\server.js' ]
2025-09-01T00:17:01: }
2025-09-01T00:17:03: Error: Cannot find module 'express'
2025-09-01T00:17:03: Require stack:
2025-09-01T00:17:03: - C:\dashboards\simex\server.js
2025-09-01T00:17:03:     at Module._resolveFilename (node:internal/modules/cjs/loader:1077:15)
2025-09-01T00:17:03:     at Hook._require.Module.require (C:\Users\mathe\AppData\Roaming\npm\node_modules\pm2\node_modules\require-in-the-middle\index.js:81:25)
2025-09-01T00:17:03:     at require (node:internal/modules/cjs/helpers:121:18)
2025-09-01T00:17:03:     at Object.<anonymous> (C:\dashboards\simex\server.js:8:17)
2025-09-01T00:17:03:     at Module._compile (node:internal/modules/cjs/loader:1256:14)
2025-09-01T00:17:03:     at Module._extensions..js (node:internal/modules/cjs/loader:1310:10)
2025-09-01T00:17:03:     at Module.load (node:internal/modules/cjs/loader:1119:32)
2025-09-01T00:17:03:     at Module._load (node:internal/modules/cjs/loader:960:12)
2025-09-01T00:17:03:     at Object.<anonymous> (C:\Users\mathe\AppData\Roaming\npm\node_modules\pm2\lib\ProcessContainerFork.js:33:23)
2025-09-01T00:17:03:     at Module._compile (node:internal/modules/cjs/loader:1256:14) {
2025-09-01T00:17:03:   code: 'MODULE_NOT_FOUND',
2025-09-01T00:17:03:   requireStack: [ 'C:\\dashboards\\simex\\server.js' ]
2025-09-01T00:17:03: }
2025-09-01T00:17:06: Error: Cannot find module 'express'
2025-09-01T00:17:06: Require stack:
2025-09-01T00:17:06: - C:\dashboards\simex\server.js
2025-09-01T00:17:06:     at Module._resolveFilename (node:internal/modules/cjs/loader:1077:15)
2025-09-01T00:17:06:     at Hook._require.Module.require (C:\Users\mathe\AppData\Roaming\npm\node_modules\pm2\node_modules\require-in-the-middle\index.js:81:25)
2025-09-01T00:17:06:     at require (node:internal/modules/cjs/helpers:121:18)
2025-09-01T00:17:06:     at Object.<anonymous> (C:\dashboards\simex\server.js:8:17)
2025-09-01T00:17:06:     at Module._compile (node:internal/modules/cjs/loader:1256:14)
2025-09-01T00:17:06:     at Module._extensions..js (node:internal/modules/cjs/loader:1310:10)
2025-09-01T00:17:06:     at Module.load (node:internal/modules/cjs/loader:1119:32)
2025-09-01T00:17:06:     at Module._load (node:internal/modules/cjs/loader:960:12)
2025-09-01T00:17:06:     at Object.<anonymous> (C:\Users\mathe\AppData\Roaming\npm\node_modules\pm2\lib\ProcessContainerFork.js:33:23)
2025-09-01T00:17:06:     at Module._compile (node:internal/modules/cjs/loader:1256:14) {
2025-09-01T00:17:06:   code: 'MODULE_NOT_FOUND',
2025-09-01T00:17:06:   requireStack: [ 'C:\\dashboards\\simex\\server.js' ]
2025-09-01T00:17:06: }
2025-09-01T00:17:09: Error: listen EADDRINUSE: address already in use :::3000
2025-09-01T00:17:09:     at Server.setupListenHandle [as _listen2] (node:net:1751:16)
2025-09-01T00:17:09:     at listenInCluster (node:net:1799:12)
2025-09-01T00:17:09:     at Server.listen (node:net:1887:7)
2025-09-01T00:17:09:     at Function.listen (C:\dashboards\simex\node_modules\express\lib\application.js:635:24)
2025-09-01T00:17:09:     at Object.<anonymous> (C:\dashboards\simex\server.js:135:5)
2025-09-01T00:17:09:     at Module._compile (node:internal/modules/cjs/loader:1256:14)
2025-09-01T00:17:09:     at Module._extensions..js (node:internal/modules/cjs/loader:1310:10)
2025-09-01T00:17:09:     at Module.load (node:internal/modules/cjs/loader:1119:32)
2025-09-01T00:17:09:     at Module._load (node:internal/modules/cjs/loader:960:12)
2025-09-01T00:17:09:     at Object.<anonymous> (C:\Users\mathe\AppData\Roaming\npm\node_modules\pm2\lib\ProcessContainerFork.js:33:23) {
2025-09-01T00:17:09:   code: 'EADDRINUSE',
2025-09-01T00:17:09:   errno: -4091,
2025-09-01T00:17:09:   syscall: 'listen',
2025-09-01T00:17:09:   address: '::',
2025-09-01T00:17:09:   port: 3000
2025-09-01T00:17:09: }
2025-09-01T00:17:11: Error: listen EADDRINUSE: address already in use :::3000
2025-09-01T00:17:11:     at Server.setupListenHandle [as _listen2] (node:net:1751:16)
2025-09-01T00:17:11:     at listenInCluster (node:net:1799:12)
2025-09-01T00:17:11:     at Server.listen (node:net:1887:7)
2025-09-01T00:17:11:     at Function.listen (C:\dashboards\simex\node_modules\express\lib\application.js:635:24)
2025-09-01T00:17:11:     at Object.<anonymous> (C:\dashboards\simex\server.js:135:5)
2025-09-01T00:17:11:     at Module._compile (node:internal/modules/cjs/loader:1256:14)
2025-09-01T00:17:11:     at Module._extensions..js (node:internal/modules/cjs/loader:1310:10)
2025-09-01T00:17:11:     at Module.load (node:internal/modules/cjs/loader:1119:32)
2025-09-01T00:17:11:     at Module._load (node:internal/modules/cjs/loader:960:12)
2025-09-01T00:17:11:     at Object.<anonymous> (C:\Users\mathe\AppData\Roaming\npm\node_modules\pm2\lib\ProcessContainerFork.js:33:23) {
2025-09-01T00:17:11:   code: 'EADDRINUSE',
2025-09-01T00:17:11:   errno: -4091,
2025-09-01T00:17:11:   syscall: 'listen',
2025-09-01T00:17:11:   address: '::',
2025-09-01T00:17:11:   port: 3000
2025-09-01T00:17:11: }
2025-09-01T00:17:13: Error: listen EADDRINUSE: address already in use :::3000
2025-09-01T00:17:13:     at Server.setupListenHandle [as _listen2] (node:net:1751:16)
2025-09-01T00:17:13:     at listenInCluster (node:net:1799:12)
2025-09-01T00:17:13:     at Server.listen (node:net:1887:7)
2025-09-01T00:17:13:     at Function.listen (C:\dashboards\simex\node_modules\express\lib\application.js:635:24)
2025-09-01T00:17:13:     at Object.<anonymous> (C:\dashboards\simex\server.js:135:5)
2025-09-01T00:17:13:     at Module._compile (node:internal/modules/cjs/loader:1256:14)
2025-09-01T00:17:13:     at Module._extensions..js (node:internal/modules/cjs/loader:1310:10)
2025-09-01T00:17:13:     at Module.load (node:internal/modules/cjs/loader:1119:32)
2025-09-01T00:17:13:     at Module._load (node:internal/modules/cjs/loader:960:12)
2025-09-01T00:17:13:     at Object.<anonymous> (C:\Users\mathe\AppData\Roaming\npm\node_modules\pm2\lib\ProcessContainerFork.js:33:23) {
2025-09-01T00:17:13:   code: 'EADDRINUSE',
2025-09-01T00:17:13:   errno: -4091,
2025-09-01T00:17:13:   syscall: 'listen',
2025-09-01T00:17:13:   address: '::',
2025-09-01T00:17:13:   port: 3000
2025-09-01T00:17:13: }
2025-09-01T00:17:16: Error: listen EADDRINUSE: address already in use :::3000
2025-09-01T00:17:16:     at Server.setupListenHandle [as _listen2] (node:net:1751:16)
2025-09-01T00:17:16:     at listenInCluster (node:net:1799:12)
2025-09-01T00:17:16:     at Server.listen (node:net:1887:7)
2025-09-01T00:17:16:     at Function.listen (C:\dashboards\simex\node_modules\express\lib\application.js:635:24)
2025-09-01T00:17:16:     at Object.<anonymous> (C:\dashboards\simex\server.js:135:5)
2025-09-01T00:17:16:     at Module._compile (node:internal/modules/cjs/loader:1256:14)
2025-09-01T00:17:16:     at Module._extensions..js (node:internal/modules/cjs/loader:1310:10)
2025-09-01T00:17:16:     at Module.load (node:internal/modules/cjs/loader:1119:32)
2025-09-01T00:17:16:     at Module._load (node:internal/modules/cjs/loader:960:12)
2025-09-01T00:17:16:     at Object.<anonymous> (C:\Users\mathe\AppData\Roaming\npm\node_modules\pm2\lib\ProcessContainerFork.js:33:23) {
2025-09-01T00:17:16:   code: 'EADDRINUSE',
2025-09-01T00:17:16:   errno: -4091,
2025-09-01T00:17:16:   syscall: 'listen',
2025-09-01T00:17:16:   address: '::',
2025-09-01T00:17:16:   port: 3000
2025-09-01T00:17:16: }
2025-09-01T00:17:18: Error: listen EADDRINUSE: address already in use :::3000
2025-09-01T00:17:18:     at Server.setupListenHandle [as _listen2] (node:net:1751:16)
2025-09-01T00:17:18:     at listenInCluster (node:net:1799:12)
2025-09-01T00:17:18:     at Server.listen (node:net:1887:7)
2025-09-01T00:17:18:     at Function.listen (C:\dashboards\simex\node_modules\express\lib\application.js:635:24)
2025-09-01T00:17:18:     at Object.<anonymous> (C:\dashboards\simex\server.js:135:5)
2025-09-01T00:17:18:     at Module._compile (node:internal/modules/cjs/loader:1256:14)
2025-09-01T00:17:18:     at Module._extensions..js (node:internal/modules/cjs/loader:1310:10)
2025-09-01T00:17:18:     at Module.load (node:internal/modules/cjs/loader:1119:32)
2025-09-01T00:17:18:     at Module._load (node:internal/modules/cjs/loader:960:12)
2025-09-01T00:17:18:     at Object.<anonymous> (C:\Users\mathe\AppData\Roaming\npm\node_modules\pm2\lib\ProcessContainerFork.js:33:23) {
2025-09-01T00:17:18:   code: 'EADDRINUSE',
2025-09-01T00:17:18:   errno: -4091,
2025-09-01T00:17:18:   syscall: 'listen',
2025-09-01T00:17:18:   address: '::',
2025-09-01T00:17:18:   port: 3000
2025-09-01T00:17:18: }
2025-09-01T00:17:21: Error: listen EADDRINUSE: address already in use :::3000
2025-09-01T00:17:21:     at Server.setupListenHandle [as _listen2] (node:net:1751:16)
2025-09-01T00:17:21:     at listenInCluster (node:net:1799:12)
2025-09-01T00:17:21:     at Server.listen (node:net:1887:7)
2025-09-01T00:17:21:     at Function.listen (C:\dashboards\simex\node_modules\express\lib\application.js:635:24)
2025-09-01T00:17:21:     at Object.<anonymous> (C:\dashboards\simex\server.js:135:5)
2025-09-01T00:17:21:     at Module._compile (node:internal/modules/cjs/loader:1256:14)
2025-09-01T00:17:21:     at Module._extensions..js (node:internal/modules/cjs/loader:1310:10)
2025-09-01T00:17:21:     at Module.load (node:internal/modules/cjs/loader:1119:32)
2025-09-01T00:17:21:     at Module._load (node:internal/modules/cjs/loader:960:12)
2025-09-01T00:17:21:     at Object.<anonymous> (C:\Users\mathe\AppData\Roaming\npm\node_modules\pm2\lib\ProcessContainerFork.js:33:23) {
2025-09-01T00:17:21:   code: 'EADDRINUSE',
2025-09-01T00:17:21:   errno: -4091,
2025-09-01T00:17:21:   syscall: 'listen',
2025-09-01T00:17:21:   address: '::',
2025-09-01T00:17:21:   port: 3000
2025-09-01T00:17:21: }
2025-09-01T00:17:23: Error: listen EADDRINUSE: address already in use :::3000
2025-09-01T00:17:23:     at Server.setupListenHandle [as _listen2] (node:net:1751:16)
2025-09-01T00:17:23:     at listenInCluster (node:net:1799:12)
2025-09-01T00:17:23:     at Server.listen (node:net:1887:7)
2025-09-01T00:17:23:     at Function.listen (C:\dashboards\simex\node_modules\express\lib\application.js:635:24)
2025-09-01T00:17:23:     at Object.<anonymous> (C:\dashboards\simex\server.js:135:5)
2025-09-01T00:17:23:     at Module._compile (node:internal/modules/cjs/loader:1256:14)
2025-09-01T00:17:23:     at Module._extensions..js (node:internal/modules/cjs/loader:1310:10)
2025-09-01T00:17:23:     at Module.load (node:internal/modules/cjs/loader:1119:32)
2025-09-01T00:17:23:     at Module._load (node:internal/modules/cjs/loader:960:12)
2025-09-01T00:17:23:     at Object.<anonymous> (C:\Users\mathe\AppData\Roaming\npm\node_modules\pm2\lib\ProcessContainerFork.js:33:23) {
2025-09-01T00:17:23:   code: 'EADDRINUSE',
2025-09-01T00:17:23:   errno: -4091,
2025-09-01T00:17:23:   syscall: 'listen',
2025-09-01T00:17:23:   address: '::',
2025-09-01T00:17:23:   port: 3000
2025-09-01T00:17:23: }
2025-09-01T00:17:26: Error: listen EADDRINUSE: address already in use :::3000
2025-09-01T00:17:26:     at Server.setupListenHandle [as _listen2] (node:net:1751:16)
2025-09-01T00:17:26:     at listenInCluster (node:net:1799:12)
2025-09-01T00:17:26:     at Server.listen (node:net:1887:7)
2025-09-01T00:17:26:     at Function.listen (C:\dashboards\simex\node_modules\express\lib\application.js:635:24)
2025-09-01T00:17:26:     at Object.<anonymous> (C:\dashboards\simex\server.js:135:5)
2025-09-01T00:17:26:     at Module._compile (node:internal/modules/cjs/loader:1256:14)
2025-09-01T00:17:26:     at Module._extensions..js (node:internal/modules/cjs/loader:1310:10)
2025-09-01T00:17:26:     at Module.load (node:internal/modules/cjs/loader:1119:32)
2025-09-01T00:17:26:     at Module._load (node:internal/modules/cjs/loader:960:12)
2025-09-01T00:17:26:     at Object.<anonymous> (C:\Users\mathe\AppData\Roaming\npm\node_modules\pm2\lib\ProcessContainerFork.js:33:23) {
2025-09-01T00:17:26:   code: 'EADDRINUSE',
2025-09-01T00:17:26:   errno: -4091,
2025-09-01T00:17:26:   syscall: 'listen',
2025-09-01T00:17:26:   address: '::',
2025-09-01T00:17:26:   port: 3000
2025-09-01T00:17:26: }
2025-09-01T00:17:28: Error: listen EADDRINUSE: address already in use :::3000
2025-09-01T00:17:28:     at Server.setupListenHandle [as _listen2] (node:net:1751:16)
2025-09-01T00:17:28:     at listenInCluster (node:net:1799:12)
2025-09-01T00:17:28:     at Server.listen (node:net:1887:7)
2025-09-01T00:17:28:     at Function.listen (C:\dashboards\simex\node_modules\express\lib\application.js:635:24)
2025-09-01T00:17:28:     at Object.<anonymous> (C:\dashboards\simex\server.js:135:5)
2025-09-01T00:17:28:     at Module._compile (node:internal/modules/cjs/loader:1256:14)
2025-09-01T00:17:28:     at Module._extensions..js (node:internal/modules/cjs/loader:1310:10)
2025-09-01T00:17:28:     at Module.load (node:internal/modules/cjs/loader:1119:32)
2025-09-01T00:17:28:     at Module._load (node:internal/modules/cjs/loader:960:12)
2025-09-01T00:17:28:     at Object.<anonymous> (C:\Users\mathe\AppData\Roaming\npm\node_modules\pm2\lib\ProcessContainerFork.js:33:23) {
2025-09-01T00:17:28:   code: 'EADDRINUSE',
2025-09-01T00:17:28:   errno: -4091,
2025-09-01T00:17:28:   syscall: 'listen',
2025-09-01T00:17:28:   address: '::',
2025-09-01T00:17:28:   port: 3000
2025-09-01T00:17:28: }
2025-09-01T00:17:31: Error: listen EADDRINUSE: address already in use :::3000
2025-09-01T00:17:31:     at Server.setupListenHandle [as _listen2] (node:net:1751:16)
2025-09-01T00:17:31:     at listenInCluster (node:net:1799:12)
2025-09-01T00:17:31:     at Server.listen (node:net:1887:7)
2025-09-01T00:17:31:     at Function.listen (C:\dashboards\simex\node_modules\express\lib\application.js:635:24)
2025-09-01T00:17:31:     at Object.<anonymous> (C:\dashboards\simex\server.js:135:5)
2025-09-01T00:17:31:     at Module._compile (node:internal/modules/cjs/loader:1256:14)
2025-09-01T00:17:31:     at Module._extensions..js (node:internal/modules/cjs/loader:1310:10)
2025-09-01T00:17:31:     at Module.load (node:internal/modules/cjs/loader:1119:32)
2025-09-01T00:17:31:     at Module._load (node:internal/modules/cjs/loader:960:12)
2025-09-01T00:17:31:     at Object.<anonymous> (C:\Users\mathe\AppData\Roaming\npm\node_modules\pm2\lib\ProcessContainerFork.js:33:23) {
2025-09-01T00:17:31:   code: 'EADDRINUSE',
2025-09-01T00:17:31:   errno: -4091,
2025-09-01T00:17:31:   syscall: 'listen',
2025-09-01T00:17:31:   address: '::',
2025-09-01T00:17:31:   port: 3000
2025-09-01T00:17:31: }
2025-09-01T00:17:33: Error: listen EADDRINUSE: address already in use :::3000
2025-09-01T00:17:33:     at Server.setupListenHandle [as _listen2] (node:net:1751:16)
2025-09-01T00:17:33:     at listenInCluster (node:net:1799:12)
2025-09-01T00:17:33:     at Server.listen (node:net:1887:7)
2025-09-01T00:17:33:     at Function.listen (C:\dashboards\simex\node_modules\express\lib\application.js:635:24)
2025-09-01T00:17:33:     at Object.<anonymous> (C:\dashboards\simex\server.js:135:5)
2025-09-01T00:17:33:     at Module._compile (node:internal/modules/cjs/loader:1256:14)
2025-09-01T00:17:33:     at Module._extensions..js (node:internal/modules/cjs/loader:1310:10)
2025-09-01T00:17:33:     at Module.load (node:internal/modules/cjs/loader:1119:32)
2025-09-01T00:17:33:     at Module._load (node:internal/modules/cjs/loader:960:12)
2025-09-01T00:17:33:     at Object.<anonymous> (C:\Users\mathe\AppData\Roaming\npm\node_modules\pm2\lib\ProcessContainerFork.js:33:23) {
2025-09-01T00:17:33:   code: 'EADDRINUSE',
2025-09-01T00:17:33:   errno: -4091,
2025-09-01T00:17:33:   syscall: 'listen',
2025-09-01T00:17:33:   address: '::',
2025-09-01T00:17:33:   port: 3000
2025-09-01T00:17:33: }
2025-09-01T00:17:35: Error: listen EADDRINUSE: address already in use :::3000
2025-09-01T00:17:35:     at Server.setupListenHandle [as _listen2] (node:net:1751:16)
2025-09-01T00:17:35:     at listenInCluster (node:net:1799:12)
2025-09-01T00:17:35:     at Server.listen (node:net:1887:7)
2025-09-01T00:17:35:     at Function.listen (C:\dashboards\simex\node_modules\express\lib\application.js:635:24)
2025-09-01T00:17:35:     at Object.<anonymous> (C:\dashboards\simex\server.js:135:5)
2025-09-01T00:17:35:     at Module._compile (node:internal/modules/cjs/loader:1256:14)
2025-09-01T00:17:35:     at Module._extensions..js (node:internal/modules/cjs/loader:1310:10)
2025-09-01T00:17:35:     at Module.load (node:internal/modules/cjs/loader:1119:32)
2025-09-01T00:17:35:     at Module._load (node:internal/modules/cjs/loader:960:12)
2025-09-01T00:17:35:     at Object.<anonymous> (C:\Users\mathe\AppData\Roaming\npm\node_modules\pm2\lib\ProcessContainerFork.js:33:23) {
2025-09-01T00:17:35:   code: 'EADDRINUSE',
2025-09-01T00:17:35:   errno: -4091,
2025-09-01T00:17:35:   syscall: 'listen',
2025-09-01T00:17:35:   address: '::',
2025-09-01T00:17:35:   port: 3000
2025-09-01T00:17:35: }
2025-09-01T00:17:38: Error: listen EADDRINUSE: address already in use :::3000
2025-09-01T00:17:38:     at Server.setupListenHandle [as _listen2] (node:net:1751:16)
2025-09-01T00:17:38:     at listenInCluster (node:net:1799:12)
2025-09-01T00:17:38:     at Server.listen (node:net:1887:7)
2025-09-01T00:17:38:     at Function.listen (C:\dashboards\simex\node_modules\express\lib\application.js:635:24)
2025-09-01T00:17:38:     at Object.<anonymous> (C:\dashboards\simex\server.js:135:5)
2025-09-01T00:17:38:     at Module._compile (node:internal/modules/cjs/loader:1256:14)
2025-09-01T00:17:38:     at Module._extensions..js (node:internal/modules/cjs/loader:1310:10)
2025-09-01T00:17:38:     at Module.load (node:internal/modules/cjs/loader:1119:32)
2025-09-01T00:17:38:     at Module._load (node:internal/modules/cjs/loader:960:12)
2025-09-01T00:17:38:     at Object.<anonymous> (C:\Users\mathe\AppData\Roaming\npm\node_modules\pm2\lib\ProcessContainerFork.js:33:23) {
2025-09-01T00:17:38:   code: 'EADDRINUSE',
2025-09-01T00:17:38:   errno: -4091,
2025-09-01T00:17:38:   syscall: 'listen',
2025-09-01T00:17:38:   address: '::',
2025-09-01T00:17:38:   port: 3000
2025-09-01T00:17:38: }
2025-09-01T00:17:40: Error: listen EADDRINUSE: address already in use :::3000
2025-09-01T00:17:40:     at Server.setupListenHandle [as _listen2] (node:net:1751:16)
2025-09-01T00:17:40:     at listenInCluster (node:net:1799:12)
2025-09-01T00:17:40:     at Server.listen (node:net:1887:7)
2025-09-01T00:17:40:     at Function.listen (C:\dashboards\simex\node_modules\express\lib\application.js:635:24)
2025-09-01T00:17:40:     at Object.<anonymous> (C:\dashboards\simex\server.js:135:5)
2025-09-01T00:17:40:     at Module._compile (node:internal/modules/cjs/loader:1256:14)
2025-09-01T00:17:40:     at Module._extensions..js (node:internal/modules/cjs/loader:1310:10)
2025-09-01T00:17:40:     at Module.load (node:internal/modules/cjs/loader:1119:32)
2025-09-01T00:17:40:     at Module._load (node:internal/modules/cjs/loader:960:12)
2025-09-01T00:17:40:     at Object.<anonymous> (C:\Users\mathe\AppData\Roaming\npm\node_modules\pm2\lib\ProcessContainerFork.js:33:23) {
2025-09-01T00:17:40:   code: 'EADDRINUSE',
2025-09-01T00:17:40:   errno: -4091,
2025-09-01T00:17:40:   syscall: 'listen',
2025-09-01T00:17:40:   address: '::',
2025-09-01T00:17:40:   port: 3000
2025-09-01T00:17:40: }
2025-09-01T00:17:43: Error: listen EADDRINUSE: address already in use :::3000
2025-09-01T00:17:43:     at Server.setupListenHandle [as _listen2] (node:net:1751:16)
2025-09-01T00:17:43:     at listenInCluster (node:net:1799:12)
2025-09-01T00:17:43:     at Server.listen (node:net:1887:7)
2025-09-01T00:17:43:     at Function.listen (C:\dashboards\simex\node_modules\express\lib\application.js:635:24)
2025-09-01T00:17:43:     at Object.<anonymous> (C:\dashboards\simex\server.js:135:5)
2025-09-01T00:17:43:     at Module._compile (node:internal/modules/cjs/loader:1256:14)
2025-09-01T00:17:43:     at Module._extensions..js (node:internal/modules/cjs/loader:1310:10)
2025-09-01T00:17:43:     at Module.load (node:internal/modules/cjs/loader:1119:32)
2025-09-01T00:17:43:     at Module._load (node:internal/modules/cjs/loader:960:12)
2025-09-01T00:17:43:     at Object.<anonymous> (C:\Users\mathe\AppData\Roaming\npm\node_modules\pm2\lib\ProcessContainerFork.js:33:23) {
2025-09-01T00:17:43:   code: 'EADDRINUSE',
2025-09-01T00:17:43:   errno: -4091,
2025-09-01T00:17:43:   syscall: 'listen',
2025-09-01T00:17:43:   address: '::',
2025-09-01T00:17:43:   port: 3000
2025-09-01T00:17:43: }
2025-09-01T00:17:45: Error: listen EADDRINUSE: address already in use :::3000
2025-09-01T00:17:45:     at Server.setupListenHandle [as _listen2] (node:net:1751:16)
2025-09-01T00:17:45:     at listenInCluster (node:net:1799:12)
2025-09-01T00:17:45:     at Server.listen (node:net:1887:7)
2025-09-01T00:17:45:     at Function.listen (C:\dashboards\simex\node_modules\express\lib\application.js:635:24)
2025-09-01T00:17:45:     at Object.<anonymous> (C:\dashboards\simex\server.js:135:5)
2025-09-01T00:17:45:     at Module._compile (node:internal/modules/cjs/loader:1256:14)
2025-09-01T00:17:45:     at Module._extensions..js (node:internal/modules/cjs/loader:1310:10)
2025-09-01T00:17:45:     at Module.load (node:internal/modules/cjs/loader:1119:32)
2025-09-01T00:17:45:     at Module._load (node:internal/modules/cjs/loader:960:12)
2025-09-01T00:17:45:     at Object.<anonymous> (C:\Users\mathe\AppData\Roaming\npm\node_modules\pm2\lib\ProcessContainerFork.js:33:23) {
2025-09-01T00:17:45:   code: 'EADDRINUSE',
2025-09-01T00:17:45:   errno: -4091,
2025-09-01T00:17:45:   syscall: 'listen',
2025-09-01T00:17:45:   address: '::',
2025-09-01T00:17:45:   port: 3000
2025-09-01T00:17:45: }
2025-09-01T00:17:48: Error: listen EADDRINUSE: address already in use :::3000
2025-09-01T00:17:48:     at Server.setupListenHandle [as _listen2] (node:net:1751:16)
2025-09-01T00:17:48:     at listenInCluster (node:net:1799:12)
2025-09-01T00:17:48:     at Server.listen (node:net:1887:7)
2025-09-01T00:17:48:     at Function.listen (C:\dashboards\simex\node_modules\express\lib\application.js:635:24)
2025-09-01T00:17:48:     at Object.<anonymous> (C:\dashboards\simex\server.js:135:5)
2025-09-01T00:17:48:     at Module._compile (node:internal/modules/cjs/loader:1256:14)
2025-09-01T00:17:48:     at Module._extensions..js (node:internal/modules/cjs/loader:1310:10)
2025-09-01T00:17:48:     at Module.load (node:internal/modules/cjs/loader:1119:32)
2025-09-01T00:17:48:     at Module._load (node:internal/modules/cjs/loader:960:12)
2025-09-01T00:17:48:     at Object.<anonymous> (C:\Users\mathe\AppData\Roaming\npm\node_modules\pm2\lib\ProcessContainerFork.js:33:23) {
2025-09-01T00:17:48:   code: 'EADDRINUSE',
2025-09-01T00:17:48:   errno: -4091,
2025-09-01T00:17:48:   syscall: 'listen',
2025-09-01T00:17:48:   address: '::',
2025-09-01T00:17:48:   port: 3000
2025-09-01T00:17:48: }
2025-09-01T00:17:50: Error: listen EADDRINUSE: address already in use :::3000
2025-09-01T00:17:50:     at Server.setupListenHandle [as _listen2] (node:net:1751:16)
2025-09-01T00:17:50:     at listenInCluster (node:net:1799:12)
2025-09-01T00:17:50:     at Server.listen (node:net:1887:7)
2025-09-01T00:17:50:     at Function.listen (C:\dashboards\simex\node_modules\express\lib\application.js:635:24)
2025-09-01T00:17:50:     at Object.<anonymous> (C:\dashboards\simex\server.js:135:5)
2025-09-01T00:17:50:     at Module._compile (node:internal/modules/cjs/loader:1256:14)
2025-09-01T00:17:50:     at Module._extensions..js (node:internal/modules/cjs/loader:1310:10)
2025-09-01T00:17:50:     at Module.load (node:internal/modules/cjs/loader:1119:32)
2025-09-01T00:17:50:     at Module._load (node:internal/modules/cjs/loader:960:12)
2025-09-01T00:17:50:     at Object.<anonymous> (C:\Users\mathe\AppData\Roaming\npm\node_modules\pm2\lib\ProcessContainerFork.js:33:23) {
2025-09-01T00:17:50:   code: 'EADDRINUSE',
2025-09-01T00:17:50:   errno: -4091,
2025-09-01T00:17:50:   syscall: 'listen',
2025-09-01T00:17:50:   address: '::',
2025-09-01T00:17:50:   port: 3000
2025-09-01T00:17:50: }
2025-09-01T00:17:53: Error: listen EADDRINUSE: address already in use :::3000
2025-09-01T00:17:53:     at Server.setupListenHandle [as _listen2] (node:net:1751:16)
2025-09-01T00:17:53:     at listenInCluster (node:net:1799:12)
2025-09-01T00:17:53:     at Server.listen (node:net:1887:7)
2025-09-01T00:17:53:     at Function.listen (C:\dashboards\simex\node_modules\express\lib\application.js:635:24)
2025-09-01T00:17:53:     at Object.<anonymous> (C:\dashboards\simex\server.js:135:5)
2025-09-01T00:17:53:     at Module._compile (node:internal/modules/cjs/loader:1256:14)
2025-09-01T00:17:53:     at Module._extensions..js (node:internal/modules/cjs/loader:1310:10)
2025-09-01T00:17:53:     at Module.load (node:internal/modules/cjs/loader:1119:32)
2025-09-01T00:17:53:     at Module._load (node:internal/modules/cjs/loader:960:12)
2025-09-01T00:17:53:     at Object.<anonymous> (C:\Users\mathe\AppData\Roaming\npm\node_modules\pm2\lib\ProcessContainerFork.js:33:23) {
2025-09-01T00:17:53:   code: 'EADDRINUSE',
2025-09-01T00:17:53:   errno: -4091,
2025-09-01T00:17:53:   syscall: 'listen',
2025-09-01T00:17:53:   address: '::',
2025-09-01T00:17:53:   port: 3000
2025-09-01T00:17:53: }
2025-09-01T00:17:55: Error: listen EADDRINUSE: address already in use :::3000
2025-09-01T00:17:55:     at Server.setupListenHandle [as _listen2] (node:net:1751:16)
2025-09-01T00:17:55:     at listenInCluster (node:net:1799:12)
2025-09-01T00:17:55:     at Server.listen (node:net:1887:7)
2025-09-01T00:17:55:     at Function.listen (C:\dashboards\simex\node_modules\express\lib\application.js:635:24)
2025-09-01T00:17:55:     at Object.<anonymous> (C:\dashboards\simex\server.js:135:5)
2025-09-01T00:17:55:     at Module._compile (node:internal/modules/cjs/loader:1256:14)
2025-09-01T00:17:55:     at Module._extensions..js (node:internal/modules/cjs/loader:1310:10)
2025-09-01T00:17:55:     at Module.load (node:internal/modules/cjs/loader:1119:32)
2025-09-01T00:17:55:     at Module._load (node:internal/modules/cjs/loader:960:12)
2025-09-01T00:17:55:     at Object.<anonymous> (C:\Users\mathe\AppData\Roaming\npm\node_modules\pm2\lib\ProcessContainerFork.js:33:23) {
2025-09-01T00:17:55:   code: 'EADDRINUSE',
2025-09-01T00:17:55:   errno: -4091,
2025-09-01T00:17:55:   syscall: 'listen',
2025-09-01T00:17:55:   address: '::',
2025-09-01T00:17:55:   port: 3000
2025-09-01T00:17:55: }
2025-09-01T00:17:58: Error: listen EADDRINUSE: address already in use :::3000
2025-09-01T00:17:58:     at Server.setupListenHandle [as _listen2] (node:net:1751:16)
2025-09-01T00:17:58:     at listenInCluster (node:net:1799:12)
2025-09-01T00:17:58:     at Server.listen (node:net:1887:7)
2025-09-01T00:17:58:     at Function.listen (C:\dashboards\simex\node_modules\express\lib\application.js:635:24)
2025-09-01T00:17:58:     at Object.<anonymous> (C:\dashboards\simex\server.js:135:5)
2025-09-01T00:17:58:     at Module._compile (node:internal/modules/cjs/loader:1256:14)
2025-09-01T00:17:58:     at Module._extensions..js (node:internal/modules/cjs/loader:1310:10)
2025-09-01T00:17:58:     at Module.load (node:internal/modules/cjs/loader:1119:32)
2025-09-01T00:17:58:     at Module._load (node:internal/modules/cjs/loader:960:12)
2025-09-01T00:17:58:     at Object.<anonymous> (C:\Users\mathe\AppData\Roaming\npm\node_modules\pm2\lib\ProcessContainerFork.js:33:23) {
2025-09-01T00:17:58:   code: 'EADDRINUSE',
2025-09-01T00:17:58:   errno: -4091,
2025-09-01T00:17:58:   syscall: 'listen',
2025-09-01T00:17:58:   address: '::',
2025-09-01T00:17:58:   port: 3000
2025-09-01T00:17:58: }
2025-09-01T00:18:00: Error: listen EADDRINUSE: address already in use :::3000
2025-09-01T00:18:00:     at Server.setupListenHandle [as _listen2] (node:net:1751:16)
2025-09-01T00:18:00:     at listenInCluster (node:net:1799:12)
2025-09-01T00:18:00:     at Server.listen (node:net:1887:7)
2025-09-01T00:18:00:     at Function.listen (C:\dashboards\simex\node_modules\express\lib\application.js:635:24)
2025-09-01T00:18:00:     at Object.<anonymous> (C:\dashboards\simex\server.js:135:5)
2025-09-01T00:18:00:     at Module._compile (node:internal/modules/cjs/loader:1256:14)
2025-09-01T00:18:00:     at Module._extensions..js (node:internal/modules/cjs/loader:1310:10)
2025-09-01T00:18:00:     at Module.load (node:internal/modules/cjs/loader:1119:32)
2025-09-01T00:18:00:     at Module._load (node:internal/modules/cjs/loader:960:12)
2025-09-01T00:18:00:     at Object.<anonymous> (C:\Users\mathe\AppData\Roaming\npm\node_modules\pm2\lib\ProcessContainerFork.js:33:23) {
2025-09-01T00:18:00:   code: 'EADDRINUSE',
2025-09-01T00:18:00:   errno: -4091,
2025-09-01T00:18:00:   syscall: 'listen',
2025-09-01T00:18:00:   address: '::',
2025-09-01T00:18:00:   port: 3000
2025-09-01T00:18:00: }
2025-09-01T00:18:03: Error: listen EADDRINUSE: address already in use :::3000
2025-09-01T00:18:03:     at Server.setupListenHandle [as _listen2] (node:net:1751:16)
2025-09-01T00:18:03:     at listenInCluster (node:net:1799:12)
2025-09-01T00:18:03:     at Server.listen (node:net:1887:7)
2025-09-01T00:18:03:     at Function.listen (C:\dashboards\simex\node_modules\express\lib\application.js:635:24)
2025-09-01T00:18:03:     at Object.<anonymous> (C:\dashboards\simex\server.js:135:5)
2025-09-01T00:18:03:     at Module._compile (node:internal/modules/cjs/loader:1256:14)
2025-09-01T00:18:03:     at Module._extensions..js (node:internal/modules/cjs/loader:1310:10)
2025-09-01T00:18:03:     at Module.load (node:internal/modules/cjs/loader:1119:32)
2025-09-01T00:18:03:     at Module._load (node:internal/modules/cjs/loader:960:12)
2025-09-01T00:18:03:     at Object.<anonymous> (C:\Users\mathe\AppData\Roaming\npm\node_modules\pm2\lib\ProcessContainerFork.js:33:23) {
2025-09-01T00:18:03:   code: 'EADDRINUSE',
2025-09-01T00:18:03:   errno: -4091,
2025-09-01T00:18:03:   syscall: 'listen',
2025-09-01T00:18:03:   address: '::',
2025-09-01T00:18:03:   port: 3000
2025-09-01T00:18:03: }
2025-09-01T00:18:05: Error: listen EADDRINUSE: address already in use :::3000
2025-09-01T00:18:05:     at Server.setupListenHandle [as _listen2] (node:net:1751:16)
2025-09-01T00:18:05:     at listenInCluster (node:net:1799:12)
2025-09-01T00:18:05:     at Server.listen (node:net:1887:7)
2025-09-01T00:18:05:     at Function.listen (C:\dashboards\simex\node_modules\express\lib\application.js:635:24)
2025-09-01T00:18:05:     at Object.<anonymous> (C:\dashboards\simex\server.js:135:5)
2025-09-01T00:18:05:     at Module._compile (node:internal/modules/cjs/loader:1256:14)
2025-09-01T00:18:05:     at Module._extensions..js (node:internal/modules/cjs/loader:1310:10)
2025-09-01T00:18:05:     at Module.load (node:internal/modules/cjs/loader:1119:32)
2025-09-01T00:18:05:     at Module._load (node:internal/modules/cjs/loader:960:12)
2025-09-01T00:18:05:     at Object.<anonymous> (C:\Users\mathe\AppData\Roaming\npm\node_modules\pm2\lib\ProcessContainerFork.js:33:23) {
2025-09-01T00:18:05:   code: 'EADDRINUSE',
2025-09-01T00:18:05:   errno: -4091,
2025-09-01T00:18:05:   syscall: 'listen',
2025-09-01T00:18:05:   address: '::',
2025-09-01T00:18:05:   port: 3000
2025-09-01T00:18:05: }
2025-09-01T00:18:08: Error: listen EADDRINUSE: address already in use :::3000
2025-09-01T00:18:08:     at Server.setupListenHandle [as _listen2] (node:net:1751:16)
2025-09-01T00:18:08:     at listenInCluster (node:net:1799:12)
2025-09-01T00:18:08:     at Server.listen (node:net:1887:7)
2025-09-01T00:18:08:     at Function.listen (C:\dashboards\simex\node_modules\express\lib\application.js:635:24)
2025-09-01T00:18:08:     at Object.<anonymous> (C:\dashboards\simex\server.js:135:5)
2025-09-01T00:18:08:     at Module._compile (node:internal/modules/cjs/loader:1256:14)
2025-09-01T00:18:08:     at Module._extensions..js (node:internal/modules/cjs/loader:1310:10)
2025-09-01T00:18:08:     at Module.load (node:internal/modules/cjs/loader:1119:32)
2025-09-01T00:18:08:     at Module._load (node:internal/modules/cjs/loader:960:12)
2025-09-01T00:18:08:     at Object.<anonymous> (C:\Users\mathe\AppData\Roaming\npm\node_modules\pm2\lib\ProcessContainerFork.js:33:23) {
2025-09-01T00:18:08:   code: 'EADDRINUSE',
2025-09-01T00:18:08:   errno: -4091,
2025-09-01T00:18:08:   syscall: 'listen',
2025-09-01T00:18:08:   address: '::',
2025-09-01T00:18:08:   port: 3000
2025-09-01T00:18:08: }
2025-09-01T00:18:10: Error: listen EADDRINUSE: address already in use :::3000
2025-09-01T00:18:10:     at Server.setupListenHandle [as _listen2] (node:net:1751:16)
2025-09-01T00:18:10:     at listenInCluster (node:net:1799:12)
2025-09-01T00:18:10:     at Server.listen (node:net:1887:7)
2025-09-01T00:18:10:     at Function.listen (C:\dashboards\simex\node_modules\express\lib\application.js:635:24)
2025-09-01T00:18:10:     at Object.<anonymous> (C:\dashboards\simex\server.js:135:5)
2025-09-01T00:18:10:     at Module._compile (node:internal/modules/cjs/loader:1256:14)
2025-09-01T00:18:10:     at Module._extensions..js (node:internal/modules/cjs/loader:1310:10)
2025-09-01T00:18:10:     at Module.load (node:internal/modules/cjs/loader:1119:32)
2025-09-01T00:18:10:     at Module._load (node:internal/modules/cjs/loader:960:12)
2025-09-01T00:18:10:     at Object.<anonymous> (C:\Users\mathe\AppData\Roaming\npm\node_modules\pm2\lib\ProcessContainerFork.js:33:23) {
2025-09-01T00:18:10:   code: 'EADDRINUSE',
2025-09-01T00:18:10:   errno: -4091,
2025-09-01T00:18:10:   syscall: 'listen',
2025-09-01T00:18:10:   address: '::',
2025-09-01T00:18:10:   port: 3000
2025-09-01T00:18:10: }
2025-09-01T00:18:13: Error: listen EADDRINUSE: address already in use :::3000
2025-09-01T00:18:13:     at Server.setupListenHandle [as _listen2] (node:net:1751:16)
2025-09-01T00:18:13:     at listenInCluster (node:net:1799:12)
2025-09-01T00:18:13:     at Server.listen (node:net:1887:7)
2025-09-01T00:18:13:     at Function.listen (C:\dashboards\simex\node_modules\express\lib\application.js:635:24)
2025-09-01T00:18:13:     at Object.<anonymous> (C:\dashboards\simex\server.js:135:5)
2025-09-01T00:18:13:     at Module._compile (node:internal/modules/cjs/loader:1256:14)
2025-09-01T00:18:13:     at Module._extensions..js (node:internal/modules/cjs/loader:1310:10)
2025-09-01T00:18:13:     at Module.load (node:internal/modules/cjs/loader:1119:32)
2025-09-01T00:18:13:     at Module._load (node:internal/modules/cjs/loader:960:12)
2025-09-01T00:18:13:     at Object.<anonymous> (C:\Users\mathe\AppData\Roaming\npm\node_modules\pm2\lib\ProcessContainerFork.js:33:23) {
2025-09-01T00:18:13:   code: 'EADDRINUSE',
2025-09-01T00:18:13:   errno: -4091,
2025-09-01T00:18:13:   syscall: 'listen',
2025-09-01T00:18:13:   address: '::',
2025-09-01T00:18:13:   port: 3000
2025-09-01T00:18:13: }
2025-09-01T00:18:15: Error: listen EADDRINUSE: address already in use :::3000
2025-09-01T00:18:15:     at Server.setupListenHandle [as _listen2] (node:net:1751:16)
2025-09-01T00:18:15:     at listenInCluster (node:net:1799:12)
2025-09-01T00:18:15:     at Server.listen (node:net:1887:7)
2025-09-01T00:18:15:     at Function.listen (C:\dashboards\simex\node_modules\express\lib\application.js:635:24)
2025-09-01T00:18:15:     at Object.<anonymous> (C:\dashboards\simex\server.js:135:5)
2025-09-01T00:18:15:     at Module._compile (node:internal/modules/cjs/loader:1256:14)
2025-09-01T00:18:15:     at Module._extensions..js (node:internal/modules/cjs/loader:1310:10)
2025-09-01T00:18:15:     at Module.load (node:internal/modules/cjs/loader:1119:32)
2025-09-01T00:18:15:     at Module._load (node:internal/modules/cjs/loader:960:12)
2025-09-01T00:18:15:     at Object.<anonymous> (C:\Users\mathe\AppData\Roaming\npm\node_modules\pm2\lib\ProcessContainerFork.js:33:23) {
2025-09-01T00:18:15:   code: 'EADDRINUSE',
2025-09-01T00:18:15:   errno: -4091,
2025-09-01T00:18:15:   syscall: 'listen',
2025-09-01T00:18:15:   address: '::',
2025-09-01T00:18:15:   port: 3000
2025-09-01T00:18:15: }
2025-09-01T00:18:18: Error: listen EADDRINUSE: address already in use :::3000
2025-09-01T00:18:18:     at Server.setupListenHandle [as _listen2] (node:net:1751:16)
2025-09-01T00:18:18:     at listenInCluster (node:net:1799:12)
2025-09-01T00:18:18:     at Server.listen (node:net:1887:7)
2025-09-01T00:18:18:     at Function.listen (C:\dashboards\simex\node_modules\express\lib\application.js:635:24)
2025-09-01T00:18:18:     at Object.<anonymous> (C:\dashboards\simex\server.js:135:5)
2025-09-01T00:18:18:     at Module._compile (node:internal/modules/cjs/loader:1256:14)
2025-09-01T00:18:18:     at Module._extensions..js (node:internal/modules/cjs/loader:1310:10)
2025-09-01T00:18:18:     at Module.load (node:internal/modules/cjs/loader:1119:32)
2025-09-01T00:18:18:     at Module._load (node:internal/modules/cjs/loader:960:12)
2025-09-01T00:18:18:     at Object.<anonymous> (C:\Users\mathe\AppData\Roaming\npm\node_modules\pm2\lib\ProcessContainerFork.js:33:23) {
2025-09-01T00:18:18:   code: 'EADDRINUSE',
2025-09-01T00:18:18:   errno: -4091,
2025-09-01T00:18:18:   syscall: 'listen',
2025-09-01T00:18:18:   address: '::',
2025-09-01T00:18:18:   port: 3000
2025-09-01T00:18:18: }
2025-09-01T00:18:20: Error: listen EADDRINUSE: address already in use :::3000
2025-09-01T00:18:20:     at Server.setupListenHandle [as _listen2] (node:net:1751:16)
2025-09-01T00:18:20:     at listenInCluster (node:net:1799:12)
2025-09-01T00:18:20:     at Server.listen (node:net:1887:7)
2025-09-01T00:18:20:     at Function.listen (C:\dashboards\simex\node_modules\express\lib\application.js:635:24)
2025-09-01T00:18:20:     at Object.<anonymous> (C:\dashboards\simex\server.js:135:5)
2025-09-01T00:18:20:     at Module._compile (node:internal/modules/cjs/loader:1256:14)
2025-09-01T00:18:20:     at Module._extensions..js (node:internal/modules/cjs/loader:1310:10)
2025-09-01T00:18:20:     at Module.load (node:internal/modules/cjs/loader:1119:32)
2025-09-01T00:18:20:     at Module._load (node:internal/modules/cjs/loader:960:12)
2025-09-01T00:18:20:     at Object.<anonymous> (C:\Users\mathe\AppData\Roaming\npm\node_modules\pm2\lib\ProcessContainerFork.js:33:23) {
2025-09-01T00:18:20:   code: 'EADDRINUSE',
2025-09-01T00:18:20:   errno: -4091,
2025-09-01T00:18:20:   syscall: 'listen',
2025-09-01T00:18:20:   address: '::',
2025-09-01T00:18:20:   port: 3000
2025-09-01T00:18:20: }
2025-09-01T00:18:23: Error: listen EADDRINUSE: address already in use :::3000
2025-09-01T00:18:23:     at Server.setupListenHandle [as _listen2] (node:net:1751:16)
2025-09-01T00:18:23:     at listenInCluster (node:net:1799:12)
2025-09-01T00:18:23:     at Server.listen (node:net:1887:7)
2025-09-01T00:18:23:     at Function.listen (C:\dashboards\simex\node_modules\express\lib\application.js:635:24)
2025-09-01T00:18:23:     at Object.<anonymous> (C:\dashboards\simex\server.js:135:5)
2025-09-01T00:18:23:     at Module._compile (node:internal/modules/cjs/loader:1256:14)
2025-09-01T00:18:23:     at Module._extensions..js (node:internal/modules/cjs/loader:1310:10)
2025-09-01T00:18:23:     at Module.load (node:internal/modules/cjs/loader:1119:32)
2025-09-01T00:18:23:     at Module._load (node:internal/modules/cjs/loader:960:12)
2025-09-01T00:18:23:     at Object.<anonymous> (C:\Users\mathe\AppData\Roaming\npm\node_modules\pm2\lib\ProcessContainerFork.js:33:23) {
2025-09-01T00:18:23:   code: 'EADDRINUSE',
2025-09-01T00:18:23:   errno: -4091,
2025-09-01T00:18:23:   syscall: 'listen',
2025-09-01T00:18:23:   address: '::',
2025-09-01T00:18:23:   port: 3000
2025-09-01T00:18:23: }
2025-09-01T00:18:26: Error: listen EADDRINUSE: address already in use :::3000
2025-09-01T00:18:26:     at Server.setupListenHandle [as _listen2] (node:net:1751:16)
2025-09-01T00:18:26:     at listenInCluster (node:net:1799:12)
2025-09-01T00:18:26:     at Server.listen (node:net:1887:7)
2025-09-01T00:18:26:     at Function.listen (C:\dashboards\simex\node_modules\express\lib\application.js:635:24)
2025-09-01T00:18:26:     at Object.<anonymous> (C:\dashboards\simex\server.js:135:5)
2025-09-01T00:18:26:     at Module._compile (node:internal/modules/cjs/loader:1256:14)
2025-09-01T00:18:26:     at Module._extensions..js (node:internal/modules/cjs/loader:1310:10)
2025-09-01T00:18:26:     at Module.load (node:internal/modules/cjs/loader:1119:32)
2025-09-01T00:18:26:     at Module._load (node:internal/modules/cjs/loader:960:12)
2025-09-01T00:18:26:     at Object.<anonymous> (C:\Users\mathe\AppData\Roaming\npm\node_modules\pm2\lib\ProcessContainerFork.js:33:23) {
2025-09-01T00:18:26:   code: 'EADDRINUSE',
2025-09-01T00:18:26:   errno: -4091,
2025-09-01T00:18:26:   syscall: 'listen',
2025-09-01T00:18:26:   address: '::',
2025-09-01T00:18:26:   port: 3000
2025-09-01T00:18:26: }
2025-09-01T00:18:28: Error: listen EADDRINUSE: address already in use :::3000
2025-09-01T00:18:28:     at Server.setupListenHandle [as _listen2] (node:net:1751:16)
2025-09-01T00:18:28:     at listenInCluster (node:net:1799:12)
2025-09-01T00:18:28:     at Server.listen (node:net:1887:7)
2025-09-01T00:18:28:     at Function.listen (C:\dashboards\simex\node_modules\express\lib\application.js:635:24)
2025-09-01T00:18:28:     at Object.<anonymous> (C:\dashboards\simex\server.js:135:5)
2025-09-01T00:18:28:     at Module._compile (node:internal/modules/cjs/loader:1256:14)
2025-09-01T00:18:28:     at Module._extensions..js (node:internal/modules/cjs/loader:1310:10)
2025-09-01T00:18:28:     at Module.load (node:internal/modules/cjs/loader:1119:32)
2025-09-01T00:18:28:     at Module._load (node:internal/modules/cjs/loader:960:12)
2025-09-01T00:18:28:     at Object.<anonymous> (C:\Users\mathe\AppData\Roaming\npm\node_modules\pm2\lib\ProcessContainerFork.js:33:23) {
2025-09-01T00:18:28:   code: 'EADDRINUSE',
2025-09-01T00:18:28:   errno: -4091,
2025-09-01T00:18:28:   syscall: 'listen',
2025-09-01T00:18:28:   address: '::',
2025-09-01T00:18:28:   port: 3000
2025-09-01T00:18:28: }
2025-09-01T00:18:31: Error: listen EADDRINUSE: address already in use :::3000
2025-09-01T00:18:31:     at Server.setupListenHandle [as _listen2] (node:net:1751:16)
2025-09-01T00:18:31:     at listenInCluster (node:net:1799:12)
2025-09-01T00:18:31:     at Server.listen (node:net:1887:7)
2025-09-01T00:18:31:     at Function.listen (C:\dashboards\simex\node_modules\express\lib\application.js:635:24)
2025-09-01T00:18:31:     at Object.<anonymous> (C:\dashboards\simex\server.js:135:5)
2025-09-01T00:18:31:     at Module._compile (node:internal/modules/cjs/loader:1256:14)
2025-09-01T00:18:31:     at Module._extensions..js (node:internal/modules/cjs/loader:1310:10)
2025-09-01T00:18:31:     at Module.load (node:internal/modules/cjs/loader:1119:32)
2025-09-01T00:18:31:     at Module._load (node:internal/modules/cjs/loader:960:12)
2025-09-01T00:18:31:     at Object.<anonymous> (C:\Users\mathe\AppData\Roaming\npm\node_modules\pm2\lib\ProcessContainerFork.js:33:23) {
2025-09-01T00:18:31:   code: 'EADDRINUSE',
2025-09-01T00:18:31:   errno: -4091,
2025-09-01T00:18:31:   syscall: 'listen',
2025-09-01T00:18:31:   address: '::',
2025-09-01T00:18:31:   port: 3000
2025-09-01T00:18:31: }
2025-09-01T00:18:33: Error: listen EADDRINUSE: address already in use :::3000
2025-09-01T00:18:33:     at Server.setupListenHandle [as _listen2] (node:net:1751:16)
2025-09-01T00:18:33:     at listenInCluster (node:net:1799:12)
2025-09-01T00:18:33:     at Server.listen (node:net:1887:7)
2025-09-01T00:18:33:     at Function.listen (C:\dashboards\simex\node_modules\express\lib\application.js:635:24)
2025-09-01T00:18:33:     at Object.<anonymous> (C:\dashboards\simex\server.js:135:5)
2025-09-01T00:18:33:     at Module._compile (node:internal/modules/cjs/loader:1256:14)
2025-09-01T00:18:33:     at Module._extensions..js (node:internal/modules/cjs/loader:1310:10)
2025-09-01T00:18:33:     at Module.load (node:internal/modules/cjs/loader:1119:32)
2025-09-01T00:18:33:     at Module._load (node:internal/modules/cjs/loader:960:12)
2025-09-01T00:18:33:     at Object.<anonymous> (C:\Users\mathe\AppData\Roaming\npm\node_modules\pm2\lib\ProcessContainerFork.js:33:23) {
2025-09-01T00:18:33:   code: 'EADDRINUSE',
2025-09-01T00:18:33:   errno: -4091,
2025-09-01T00:18:33:   syscall: 'listen',
2025-09-01T00:18:33:   address: '::',
2025-09-01T00:18:33:   port: 3000
2025-09-01T00:18:33: }
2025-09-01T00:18:35: Error: listen EADDRINUSE: address already in use :::3000
2025-09-01T00:18:35:     at Server.setupListenHandle [as _listen2] (node:net:1751:16)
2025-09-01T00:18:35:     at listenInCluster (node:net:1799:12)
2025-09-01T00:18:35:     at Server.listen (node:net:1887:7)
2025-09-01T00:18:35:     at Function.listen (C:\dashboards\simex\node_modules\express\lib\application.js:635:24)
2025-09-01T00:18:35:     at Object.<anonymous> (C:\dashboards\simex\server.js:135:5)
2025-09-01T00:18:35:     at Module._compile (node:internal/modules/cjs/loader:1256:14)
2025-09-01T00:18:35:     at Module._extensions..js (node:internal/modules/cjs/loader:1310:10)
2025-09-01T00:18:35:     at Module.load (node:internal/modules/cjs/loader:1119:32)
2025-09-01T00:18:35:     at Module._load (node:internal/modules/cjs/loader:960:12)
2025-09-01T00:18:35:     at Object.<anonymous> (C:\Users\mathe\AppData\Roaming\npm\node_modules\pm2\lib\ProcessContainerFork.js:33:23) {
2025-09-01T00:18:35:   code: 'EADDRINUSE',
2025-09-01T00:18:35:   errno: -4091,
2025-09-01T00:18:35:   syscall: 'listen',
2025-09-01T00:18:35:   address: '::',
2025-09-01T00:18:35:   port: 3000
2025-09-01T00:18:35: }
2025-09-01T00:18:38: Error: listen EADDRINUSE: address already in use :::3000
2025-09-01T00:18:38:     at Server.setupListenHandle [as _listen2] (node:net:1751:16)
2025-09-01T00:18:38:     at listenInCluster (node:net:1799:12)
2025-09-01T00:18:38:     at Server.listen (node:net:1887:7)
2025-09-01T00:18:38:     at Function.listen (C:\dashboards\simex\node_modules\express\lib\application.js:635:24)
2025-09-01T00:18:38:     at Object.<anonymous> (C:\dashboards\simex\server.js:135:5)
2025-09-01T00:18:38:     at Module._compile (node:internal/modules/cjs/loader:1256:14)
2025-09-01T00:18:38:     at Module._extensions..js (node:internal/modules/cjs/loader:1310:10)
2025-09-01T00:18:38:     at Module.load (node:internal/modules/cjs/loader:1119:32)
2025-09-01T00:18:38:     at Module._load (node:internal/modules/cjs/loader:960:12)
2025-09-01T00:18:38:     at Object.<anonymous> (C:\Users\mathe\AppData\Roaming\npm\node_modules\pm2\lib\ProcessContainerFork.js:33:23) {
2025-09-01T00:18:38:   code: 'EADDRINUSE',
2025-09-01T00:18:38:   errno: -4091,
2025-09-01T00:18:38:   syscall: 'listen',
2025-09-01T00:18:38:   address: '::',
2025-09-01T00:18:38:   port: 3000
2025-09-01T00:18:38: }
2025-09-01T00:18:40: Error: listen EADDRINUSE: address already in use :::3000
2025-09-01T00:18:40:     at Server.setupListenHandle [as _listen2] (node:net:1751:16)
2025-09-01T00:18:40:     at listenInCluster (node:net:1799:12)
2025-09-01T00:18:40:     at Server.listen (node:net:1887:7)
2025-09-01T00:18:40:     at Function.listen (C:\dashboards\simex\node_modules\express\lib\application.js:635:24)
2025-09-01T00:18:40:     at Object.<anonymous> (C:\dashboards\simex\server.js:135:5)
2025-09-01T00:18:40:     at Module._compile (node:internal/modules/cjs/loader:1256:14)
2025-09-01T00:18:40:     at Module._extensions..js (node:internal/modules/cjs/loader:1310:10)
2025-09-01T00:18:40:     at Module.load (node:internal/modules/cjs/loader:1119:32)
2025-09-01T00:18:40:     at Module._load (node:internal/modules/cjs/loader:960:12)
2025-09-01T00:18:40:     at Object.<anonymous> (C:\Users\mathe\AppData\Roaming\npm\node_modules\pm2\lib\ProcessContainerFork.js:33:23) {
2025-09-01T00:18:40:   code: 'EADDRINUSE',
2025-09-01T00:18:40:   errno: -4091,
2025-09-01T00:18:40:   syscall: 'listen',
2025-09-01T00:18:40:   address: '::',
2025-09-01T00:18:40:   port: 3000
2025-09-01T00:18:40: }
2025-09-01T00:18:43: Error: listen EADDRINUSE: address already in use :::3000
2025-09-01T00:18:43:     at Server.setupListenHandle [as _listen2] (node:net:1751:16)
2025-09-01T00:18:43:     at listenInCluster (node:net:1799:12)
2025-09-01T00:18:43:     at Server.listen (node:net:1887:7)
2025-09-01T00:18:43:     at Function.listen (C:\dashboards\simex\node_modules\express\lib\application.js:635:24)
2025-09-01T00:18:43:     at Object.<anonymous> (C:\dashboards\simex\server.js:135:5)
2025-09-01T00:18:43:     at Module._compile (node:internal/modules/cjs/loader:1256:14)
2025-09-01T00:18:43:     at Module._extensions..js (node:internal/modules/cjs/loader:1310:10)
2025-09-01T00:18:43:     at Module.load (node:internal/modules/cjs/loader:1119:32)
2025-09-01T00:18:43:     at Module._load (node:internal/modules/cjs/loader:960:12)
2025-09-01T00:18:43:     at Object.<anonymous> (C:\Users\mathe\AppData\Roaming\npm\node_modules\pm2\lib\ProcessContainerFork.js:33:23) {
2025-09-01T00:18:43:   code: 'EADDRINUSE',
2025-09-01T00:18:43:   errno: -4091,
2025-09-01T00:18:43:   syscall: 'listen',
2025-09-01T00:18:43:   address: '::',
2025-09-01T00:18:43:   port: 3000
2025-09-01T00:18:43: }
2025-09-01T00:18:45: Error: listen EADDRINUSE: address already in use :::3000
2025-09-01T00:18:45:     at Server.setupListenHandle [as _listen2] (node:net:1751:16)
2025-09-01T00:18:45:     at listenInCluster (node:net:1799:12)
2025-09-01T00:18:45:     at Server.listen (node:net:1887:7)
2025-09-01T00:18:45:     at Function.listen (C:\dashboards\simex\node_modules\express\lib\application.js:635:24)
2025-09-01T00:18:45:     at Object.<anonymous> (C:\dashboards\simex\server.js:135:5)
2025-09-01T00:18:45:     at Module._compile (node:internal/modules/cjs/loader:1256:14)
2025-09-01T00:18:45:     at Module._extensions..js (node:internal/modules/cjs/loader:1310:10)
2025-09-01T00:18:45:     at Module.load (node:internal/modules/cjs/loader:1119:32)
2025-09-01T00:18:45:     at Module._load (node:internal/modules/cjs/loader:960:12)
2025-09-01T00:18:45:     at Object.<anonymous> (C:\Users\mathe\AppData\Roaming\npm\node_modules\pm2\lib\ProcessContainerFork.js:33:23) {
2025-09-01T00:18:45:   code: 'EADDRINUSE',
2025-09-01T00:18:45:   errno: -4091,
2025-09-01T00:18:45:   syscall: 'listen',
2025-09-01T00:18:45:   address: '::',
2025-09-01T00:18:45:   port: 3000
2025-09-01T00:18:45: }
2025-09-01T00:18:48: Error: listen EADDRINUSE: address already in use :::3000
2025-09-01T00:18:48:     at Server.setupListenHandle [as _listen2] (node:net:1751:16)
2025-09-01T00:18:48:     at listenInCluster (node:net:1799:12)
2025-09-01T00:18:48:     at Server.listen (node:net:1887:7)
2025-09-01T00:18:48:     at Function.listen (C:\dashboards\simex\node_modules\express\lib\application.js:635:24)
2025-09-01T00:18:48:     at Object.<anonymous> (C:\dashboards\simex\server.js:135:5)
2025-09-01T00:18:48:     at Module._compile (node:internal/modules/cjs/loader:1256:14)
2025-09-01T00:18:48:     at Module._extensions..js (node:internal/modules/cjs/loader:1310:10)
2025-09-01T00:18:48:     at Module.load (node:internal/modules/cjs/loader:1119:32)
2025-09-01T00:18:48:     at Module._load (node:internal/modules/cjs/loader:960:12)
2025-09-01T00:18:48:     at Object.<anonymous> (C:\Users\mathe\AppData\Roaming\npm\node_modules\pm2\lib\ProcessContainerFork.js:33:23) {
2025-09-01T00:18:48:   code: 'EADDRINUSE',
2025-09-01T00:18:48:   errno: -4091,
2025-09-01T00:18:48:   syscall: 'listen',
2025-09-01T00:18:48:   address: '::',
2025-09-01T00:18:48:   port: 3000
2025-09-01T00:18:48: }
2025-09-01T00:18:50: Error: listen EADDRINUSE: address already in use :::3000
2025-09-01T00:18:50:     at Server.setupListenHandle [as _listen2] (node:net:1751:16)
2025-09-01T00:18:50:     at listenInCluster (node:net:1799:12)
2025-09-01T00:18:50:     at Server.listen (node:net:1887:7)
2025-09-01T00:18:50:     at Function.listen (C:\dashboards\simex\node_modules\express\lib\application.js:635:24)
2025-09-01T00:18:50:     at Object.<anonymous> (C:\dashboards\simex\server.js:135:5)
2025-09-01T00:18:50:     at Module._compile (node:internal/modules/cjs/loader:1256:14)
2025-09-01T00:18:50:     at Module._extensions..js (node:internal/modules/cjs/loader:1310:10)
2025-09-01T00:18:50:     at Module.load (node:internal/modules/cjs/loader:1119:32)
2025-09-01T00:18:50:     at Module._load (node:internal/modules/cjs/loader:960:12)
2025-09-01T00:18:50:     at Object.<anonymous> (C:\Users\mathe\AppData\Roaming\npm\node_modules\pm2\lib\ProcessContainerFork.js:33:23) {
2025-09-01T00:18:50:   code: 'EADDRINUSE',
2025-09-01T00:18:50:   errno: -4091,
2025-09-01T00:18:50:   syscall: 'listen',
2025-09-01T00:18:50:   address: '::',
2025-09-01T00:18:50:   port: 3000
2025-09-01T00:18:50: }
2025-09-01T00:18:53: Error: listen EADDRINUSE: address already in use :::3000
2025-09-01T00:18:53:     at Server.setupListenHandle [as _listen2] (node:net:1751:16)
2025-09-01T00:18:53:     at listenInCluster (node:net:1799:12)
2025-09-01T00:18:53:     at Server.listen (node:net:1887:7)
2025-09-01T00:18:53:     at Function.listen (C:\dashboards\simex\node_modules\express\lib\application.js:635:24)
2025-09-01T00:18:53:     at Object.<anonymous> (C:\dashboards\simex\server.js:135:5)
2025-09-01T00:18:53:     at Module._compile (node:internal/modules/cjs/loader:1256:14)
2025-09-01T00:18:53:     at Module._extensions..js (node:internal/modules/cjs/loader:1310:10)
2025-09-01T00:18:53:     at Module.load (node:internal/modules/cjs/loader:1119:32)
2025-09-01T00:18:53:     at Module._load (node:internal/modules/cjs/loader:960:12)
2025-09-01T00:18:53:     at Object.<anonymous> (C:\Users\mathe\AppData\Roaming\npm\node_modules\pm2\lib\ProcessContainerFork.js:33:23) {
2025-09-01T00:18:53:   code: 'EADDRINUSE',
2025-09-01T00:18:53:   errno: -4091,
2025-09-01T00:18:53:   syscall: 'listen',
2025-09-01T00:18:53:   address: '::',
2025-09-01T00:18:53:   port: 3000
2025-09-01T00:18:53: }
2025-09-01T00:18:55: Error: listen EADDRINUSE: address already in use :::3000
2025-09-01T00:18:55:     at Server.setupListenHandle [as _listen2] (node:net:1751:16)
2025-09-01T00:18:55:     at listenInCluster (node:net:1799:12)
2025-09-01T00:18:55:     at Server.listen (node:net:1887:7)
2025-09-01T00:18:55:     at Function.listen (C:\dashboards\simex\node_modules\express\lib\application.js:635:24)
2025-09-01T00:18:55:     at Object.<anonymous> (C:\dashboards\simex\server.js:135:5)
2025-09-01T00:18:55:     at Module._compile (node:internal/modules/cjs/loader:1256:14)
2025-09-01T00:18:55:     at Module._extensions..js (node:internal/modules/cjs/loader:1310:10)
2025-09-01T00:18:55:     at Module.load (node:internal/modules/cjs/loader:1119:32)
2025-09-01T00:18:55:     at Module._load (node:internal/modules/cjs/loader:960:12)
2025-09-01T00:18:55:     at Object.<anonymous> (C:\Users\mathe\AppData\Roaming\npm\node_modules\pm2\lib\ProcessContainerFork.js:33:23) {
2025-09-01T00:18:55:   code: 'EADDRINUSE',
2025-09-01T00:18:55:   errno: -4091,
2025-09-01T00:18:55:   syscall: 'listen',
2025-09-01T00:18:55:   address: '::',
2025-09-01T00:18:55:   port: 3000
2025-09-01T00:18:55: }
2025-09-01T00:18:58: Error: listen EADDRINUSE: address already in use :::3000
2025-09-01T00:18:58:     at Server.setupListenHandle [as _listen2] (node:net:1751:16)
2025-09-01T00:18:58:     at listenInCluster (node:net:1799:12)
2025-09-01T00:18:58:     at Server.listen (node:net:1887:7)
2025-09-01T00:18:58:     at Function.listen (C:\dashboards\simex\node_modules\express\lib\application.js:635:24)
2025-09-01T00:18:58:     at Object.<anonymous> (C:\dashboards\simex\server.js:135:5)
2025-09-01T00:18:58:     at Module._compile (node:internal/modules/cjs/loader:1256:14)
2025-09-01T00:18:58:     at Module._extensions..js (node:internal/modules/cjs/loader:1310:10)
2025-09-01T00:18:58:     at Module.load (node:internal/modules/cjs/loader:1119:32)
2025-09-01T00:18:58:     at Module._load (node:internal/modules/cjs/loader:960:12)
2025-09-01T00:18:58:     at Object.<anonymous> (C:\Users\mathe\AppData\Roaming\npm\node_modules\pm2\lib\ProcessContainerFork.js:33:23) {
2025-09-01T00:18:58:   code: 'EADDRINUSE',
2025-09-01T00:18:58:   errno: -4091,
2025-09-01T00:18:58:   syscall: 'listen',
2025-09-01T00:18:58:   address: '::',
2025-09-01T00:18:58:   port: 3000
2025-09-01T00:18:58: }
2025-09-01T00:19:00: Error: listen EADDRINUSE: address already in use :::3000
2025-09-01T00:19:00:     at Server.setupListenHandle [as _listen2] (node:net:1751:16)
2025-09-01T00:19:00:     at listenInCluster (node:net:1799:12)
2025-09-01T00:19:00:     at Server.listen (node:net:1887:7)
2025-09-01T00:19:00:     at Function.listen (C:\dashboards\simex\node_modules\express\lib\application.js:635:24)
2025-09-01T00:19:00:     at Object.<anonymous> (C:\dashboards\simex\server.js:135:5)
2025-09-01T00:19:00:     at Module._compile (node:internal/modules/cjs/loader:1256:14)
2025-09-01T00:19:00:     at Module._extensions..js (node:internal/modules/cjs/loader:1310:10)
2025-09-01T00:19:00:     at Module.load (node:internal/modules/cjs/loader:1119:32)
2025-09-01T00:19:00:     at Module._load (node:internal/modules/cjs/loader:960:12)
2025-09-01T00:19:00:     at Object.<anonymous> (C:\Users\mathe\AppData\Roaming\npm\node_modules\pm2\lib\ProcessContainerFork.js:33:23) {
2025-09-01T00:19:00:   code: 'EADDRINUSE',
2025-09-01T00:19:00:   errno: -4091,
2025-09-01T00:19:00:   syscall: 'listen',
2025-09-01T00:19:00:   address: '::',
2025-09-01T00:19:00:   port: 3000
2025-09-01T00:19:00: }
2025-09-01T00:19:03: Error: listen EADDRINUSE: address already in use :::3000
2025-09-01T00:19:03:     at Server.setupListenHandle [as _listen2] (node:net:1751:16)
2025-09-01T00:19:03:     at listenInCluster (node:net:1799:12)
2025-09-01T00:19:03:     at Server.listen (node:net:1887:7)
2025-09-01T00:19:03:     at Function.listen (C:\dashboards\simex\node_modules\express\lib\application.js:635:24)
2025-09-01T00:19:03:     at Object.<anonymous> (C:\dashboards\simex\server.js:135:5)
2025-09-01T00:19:03:     at Module._compile (node:internal/modules/cjs/loader:1256:14)
2025-09-01T00:19:03:     at Module._extensions..js (node:internal/modules/cjs/loader:1310:10)
2025-09-01T00:19:03:     at Module.load (node:internal/modules/cjs/loader:1119:32)
2025-09-01T00:19:03:     at Module._load (node:internal/modules/cjs/loader:960:12)
2025-09-01T00:19:03:     at Object.<anonymous> (C:\Users\mathe\AppData\Roaming\npm\node_modules\pm2\lib\ProcessContainerFork.js:33:23) {
2025-09-01T00:19:03:   code: 'EADDRINUSE',
2025-09-01T00:19:03:   errno: -4091,
2025-09-01T00:19:03:   syscall: 'listen',
2025-09-01T00:19:03:   address: '::',
2025-09-01T00:19:03:   port: 3000
2025-09-01T00:19:03: }
2025-09-01T00:19:05: Error: listen EADDRINUSE: address already in use :::3000
2025-09-01T00:19:05:     at Server.setupListenHandle [as _listen2] (node:net:1751:16)
2025-09-01T00:19:05:     at listenInCluster (node:net:1799:12)
2025-09-01T00:19:05:     at Server.listen (node:net:1887:7)
2025-09-01T00:19:05:     at Function.listen (C:\dashboards\simex\node_modules\express\lib\application.js:635:24)
2025-09-01T00:19:05:     at Object.<anonymous> (C:\dashboards\simex\server.js:135:5)
2025-09-01T00:19:05:     at Module._compile (node:internal/modules/cjs/loader:1256:14)
2025-09-01T00:19:05:     at Module._extensions..js (node:internal/modules/cjs/loader:1310:10)
2025-09-01T00:19:05:     at Module.load (node:internal/modules/cjs/loader:1119:32)
2025-09-01T00:19:05:     at Module._load (node:internal/modules/cjs/loader:960:12)
2025-09-01T00:19:05:     at Object.<anonymous> (C:\Users\mathe\AppData\Roaming\npm\node_modules\pm2\lib\ProcessContainerFork.js:33:23) {
2025-09-01T00:19:05:   code: 'EADDRINUSE',
2025-09-01T00:19:05:   errno: -4091,
2025-09-01T00:19:05:   syscall: 'listen',
2025-09-01T00:19:05:   address: '::',
2025-09-01T00:19:05:   port: 3000
2025-09-01T00:19:05: }
2025-09-01T00:19:08: Error: listen EADDRINUSE: address already in use :::3000
2025-09-01T00:19:08:     at Server.setupListenHandle [as _listen2] (node:net:1751:16)
2025-09-01T00:19:08:     at listenInCluster (node:net:1799:12)
2025-09-01T00:19:08:     at Server.listen (node:net:1887:7)
2025-09-01T00:19:08:     at Function.listen (C:\dashboards\simex\node_modules\express\lib\application.js:635:24)
2025-09-01T00:19:08:     at Object.<anonymous> (C:\dashboards\simex\server.js:135:5)
2025-09-01T00:19:08:     at Module._compile (node:internal/modules/cjs/loader:1256:14)
2025-09-01T00:19:08:     at Module._extensions..js (node:internal/modules/cjs/loader:1310:10)
2025-09-01T00:19:08:     at Module.load (node:internal/modules/cjs/loader:1119:32)
2025-09-01T00:19:08:     at Module._load (node:internal/modules/cjs/loader:960:12)
2025-09-01T00:19:08:     at Object.<anonymous> (C:\Users\mathe\AppData\Roaming\npm\node_modules\pm2\lib\ProcessContainerFork.js:33:23) {
2025-09-01T00:19:08:   code: 'EADDRINUSE',
2025-09-01T00:19:08:   errno: -4091,
2025-09-01T00:19:08:   syscall: 'listen',
2025-09-01T00:19:08:   address: '::',
2025-09-01T00:19:08:   port: 3000
2025-09-01T00:19:08: }
2025-09-01T00:19:10: Error: listen EADDRINUSE: address already in use :::3000
2025-09-01T00:19:10:     at Server.setupListenHandle [as _listen2] (node:net:1751:16)
2025-09-01T00:19:10:     at listenInCluster (node:net:1799:12)
2025-09-01T00:19:10:     at Server.listen (node:net:1887:7)
2025-09-01T00:19:10:     at Function.listen (C:\dashboards\simex\node_modules\express\lib\application.js:635:24)
2025-09-01T00:19:10:     at Object.<anonymous> (C:\dashboards\simex\server.js:135:5)
2025-09-01T00:19:10:     at Module._compile (node:internal/modules/cjs/loader:1256:14)
2025-09-01T00:19:10:     at Module._extensions..js (node:internal/modules/cjs/loader:1310:10)
2025-09-01T00:19:10:     at Module.load (node:internal/modules/cjs/loader:1119:32)
2025-09-01T00:19:10:     at Module._load (node:internal/modules/cjs/loader:960:12)
2025-09-01T00:19:10:     at Object.<anonymous> (C:\Users\mathe\AppData\Roaming\npm\node_modules\pm2\lib\ProcessContainerFork.js:33:23) {
2025-09-01T00:19:10:   code: 'EADDRINUSE',
2025-09-01T00:19:10:   errno: -4091,
2025-09-01T00:19:10:   syscall: 'listen',
2025-09-01T00:19:10:   address: '::',
2025-09-01T00:19:10:   port: 3000
2025-09-01T00:19:10: }
2025-09-01T00:19:13: Error: listen EADDRINUSE: address already in use :::3000
2025-09-01T00:19:13:     at Server.setupListenHandle [as _listen2] (node:net:1751:16)
2025-09-01T00:19:13:     at listenInCluster (node:net:1799:12)
2025-09-01T00:19:13:     at Server.listen (node:net:1887:7)
2025-09-01T00:19:13:     at Function.listen (C:\dashboards\simex\node_modules\express\lib\application.js:635:24)
2025-09-01T00:19:13:     at Object.<anonymous> (C:\dashboards\simex\server.js:135:5)
2025-09-01T00:19:13:     at Module._compile (node:internal/modules/cjs/loader:1256:14)
2025-09-01T00:19:13:     at Module._extensions..js (node:internal/modules/cjs/loader:1310:10)
2025-09-01T00:19:13:     at Module.load (node:internal/modules/cjs/loader:1119:32)
2025-09-01T00:19:13:     at Module._load (node:internal/modules/cjs/loader:960:12)
2025-09-01T00:19:13:     at Object.<anonymous> (C:\Users\mathe\AppData\Roaming\npm\node_modules\pm2\lib\ProcessContainerFork.js:33:23) {
2025-09-01T00:19:13:   code: 'EADDRINUSE',
2025-09-01T00:19:13:   errno: -4091,
2025-09-01T00:19:13:   syscall: 'listen',
2025-09-01T00:19:13:   address: '::',
2025-09-01T00:19:13:   port: 3000
2025-09-01T00:19:13: }
2025-09-01T00:19:15: Error: listen EADDRINUSE: address already in use :::3000
2025-09-01T00:19:15:     at Server.setupListenHandle [as _listen2] (node:net:1751:16)
2025-09-01T00:19:15:     at listenInCluster (node:net:1799:12)
2025-09-01T00:19:15:     at Server.listen (node:net:1887:7)
2025-09-01T00:19:15:     at Function.listen (C:\dashboards\simex\node_modules\express\lib\application.js:635:24)
2025-09-01T00:19:15:     at Object.<anonymous> (C:\dashboards\simex\server.js:135:5)
2025-09-01T00:19:15:     at Module._compile (node:internal/modules/cjs/loader:1256:14)
2025-09-01T00:19:15:     at Module._extensions..js (node:internal/modules/cjs/loader:1310:10)
2025-09-01T00:19:15:     at Module.load (node:internal/modules/cjs/loader:1119:32)
2025-09-01T00:19:15:     at Module._load (node:internal/modules/cjs/loader:960:12)
2025-09-01T00:19:15:     at Object.<anonymous> (C:\Users\mathe\AppData\Roaming\npm\node_modules\pm2\lib\ProcessContainerFork.js:33:23) {
2025-09-01T00:19:15:   code: 'EADDRINUSE',
2025-09-01T00:19:15:   errno: -4091,
2025-09-01T00:19:15:   syscall: 'listen',
2025-09-01T00:19:15:   address: '::',
2025-09-01T00:19:15:   port: 3000
2025-09-01T00:19:15: }
2025-09-01T00:19:18: Error: listen EADDRINUSE: address already in use :::3000
2025-09-01T00:19:18:     at Server.setupListenHandle [as _listen2] (node:net:1751:16)
2025-09-01T00:19:18:     at listenInCluster (node:net:1799:12)
2025-09-01T00:19:18:     at Server.listen (node:net:1887:7)
2025-09-01T00:19:18:     at Function.listen (C:\dashboards\simex\node_modules\express\lib\application.js:635:24)
2025-09-01T00:19:18:     at Object.<anonymous> (C:\dashboards\simex\server.js:135:5)
2025-09-01T00:19:18:     at Module._compile (node:internal/modules/cjs/loader:1256:14)
2025-09-01T00:19:18:     at Module._extensions..js (node:internal/modules/cjs/loader:1310:10)
2025-09-01T00:19:18:     at Module.load (node:internal/modules/cjs/loader:1119:32)
2025-09-01T00:19:18:     at Module._load (node:internal/modules/cjs/loader:960:12)
2025-09-01T00:19:18:     at Object.<anonymous> (C:\Users\mathe\AppData\Roaming\npm\node_modules\pm2\lib\ProcessContainerFork.js:33:23) {
2025-09-01T00:19:18:   code: 'EADDRINUSE',
2025-09-01T00:19:18:   errno: -4091,
2025-09-01T00:19:18:   syscall: 'listen',
2025-09-01T00:19:18:   address: '::',
2025-09-01T00:19:18:   port: 3000
2025-09-01T00:19:18: }
2025-09-01T00:19:20: Error: listen EADDRINUSE: address already in use :::3000
2025-09-01T00:19:20:     at Server.setupListenHandle [as _listen2] (node:net:1751:16)
2025-09-01T00:19:20:     at listenInCluster (node:net:1799:12)
2025-09-01T00:19:20:     at Server.listen (node:net:1887:7)
2025-09-01T00:19:20:     at Function.listen (C:\dashboards\simex\node_modules\express\lib\application.js:635:24)
2025-09-01T00:19:20:     at Object.<anonymous> (C:\dashboards\simex\server.js:135:5)
2025-09-01T00:19:20:     at Module._compile (node:internal/modules/cjs/loader:1256:14)
2025-09-01T00:19:20:     at Module._extensions..js (node:internal/modules/cjs/loader:1310:10)
2025-09-01T00:19:20:     at Module.load (node:internal/modules/cjs/loader:1119:32)
2025-09-01T00:19:20:     at Module._load (node:internal/modules/cjs/loader:960:12)
2025-09-01T00:19:20:     at Object.<anonymous> (C:\Users\mathe\AppData\Roaming\npm\node_modules\pm2\lib\ProcessContainerFork.js:33:23) {
2025-09-01T00:19:20:   code: 'EADDRINUSE',
2025-09-01T00:19:20:   errno: -4091,
2025-09-01T00:19:20:   syscall: 'listen',
2025-09-01T00:19:20:   address: '::',
2025-09-01T00:19:20:   port: 3000
2025-09-01T00:19:20: }
2025-09-01T00:19:23: Error: listen EADDRINUSE: address already in use :::3000
2025-09-01T00:19:23:     at Server.setupListenHandle [as _listen2] (node:net:1751:16)
2025-09-01T00:19:23:     at listenInCluster (node:net:1799:12)
2025-09-01T00:19:23:     at Server.listen (node:net:1887:7)
2025-09-01T00:19:23:     at Function.listen (C:\dashboards\simex\node_modules\express\lib\application.js:635:24)
2025-09-01T00:19:23:     at Object.<anonymous> (C:\dashboards\simex\server.js:135:5)
2025-09-01T00:19:23:     at Module._compile (node:internal/modules/cjs/loader:1256:14)
2025-09-01T00:19:23:     at Module._extensions..js (node:internal/modules/cjs/loader:1310:10)
2025-09-01T00:19:23:     at Module.load (node:internal/modules/cjs/loader:1119:32)
2025-09-01T00:19:23:     at Module._load (node:internal/modules/cjs/loader:960:12)
2025-09-01T00:19:23:     at Object.<anonymous> (C:\Users\mathe\AppData\Roaming\npm\node_modules\pm2\lib\ProcessContainerFork.js:33:23) {
2025-09-01T00:19:23:   code: 'EADDRINUSE',
2025-09-01T00:19:23:   errno: -4091,
2025-09-01T00:19:23:   syscall: 'listen',
2025-09-01T00:19:23:   address: '::',
2025-09-01T00:19:23:   port: 3000
2025-09-01T00:19:23: }
2025-09-01T00:19:25: Error: listen EADDRINUSE: address already in use :::3000
2025-09-01T00:19:25:     at Server.setupListenHandle [as _listen2] (node:net:1751:16)
2025-09-01T00:19:25:     at listenInCluster (node:net:1799:12)
2025-09-01T00:19:25:     at Server.listen (node:net:1887:7)
2025-09-01T00:19:25:     at Function.listen (C:\dashboards\simex\node_modules\express\lib\application.js:635:24)
2025-09-01T00:19:25:     at Object.<anonymous> (C:\dashboards\simex\server.js:135:5)
2025-09-01T00:19:25:     at Module._compile (node:internal/modules/cjs/loader:1256:14)
2025-09-01T00:19:25:     at Module._extensions..js (node:internal/modules/cjs/loader:1310:10)
2025-09-01T00:19:25:     at Module.load (node:internal/modules/cjs/loader:1119:32)
2025-09-01T00:19:25:     at Module._load (node:internal/modules/cjs/loader:960:12)
2025-09-01T00:19:25:     at Object.<anonymous> (C:\Users\mathe\AppData\Roaming\npm\node_modules\pm2\lib\ProcessContainerFork.js:33:23) {
2025-09-01T00:19:25:   code: 'EADDRINUSE',
2025-09-01T00:19:25:   errno: -4091,
2025-09-01T00:19:25:   syscall: 'listen',
2025-09-01T00:19:25:   address: '::',
2025-09-01T00:19:25:   port: 3000
2025-09-01T00:19:25: }
2025-09-01T00:19:28: Error: listen EADDRINUSE: address already in use :::3000
2025-09-01T00:19:28:     at Server.setupListenHandle [as _listen2] (node:net:1751:16)
2025-09-01T00:19:28:     at listenInCluster (node:net:1799:12)
2025-09-01T00:19:28:     at Server.listen (node:net:1887:7)
2025-09-01T00:19:28:     at Function.listen (C:\dashboards\simex\node_modules\express\lib\application.js:635:24)
2025-09-01T00:19:28:     at Object.<anonymous> (C:\dashboards\simex\server.js:135:5)
2025-09-01T00:19:28:     at Module._compile (node:internal/modules/cjs/loader:1256:14)
2025-09-01T00:19:28:     at Module._extensions..js (node:internal/modules/cjs/loader:1310:10)
2025-09-01T00:19:28:     at Module.load (node:internal/modules/cjs/loader:1119:32)
2025-09-01T00:19:28:     at Module._load (node:internal/modules/cjs/loader:960:12)
2025-09-01T00:19:28:     at Object.<anonymous> (C:\Users\mathe\AppData\Roaming\npm\node_modules\pm2\lib\ProcessContainerFork.js:33:23) {
2025-09-01T00:19:28:   code: 'EADDRINUSE',
2025-09-01T00:19:28:   errno: -4091,
2025-09-01T00:19:28:   syscall: 'listen',
2025-09-01T00:19:28:   address: '::',
2025-09-01T00:19:28:   port: 3000
2025-09-01T00:19:28: }
2025-09-01T00:19:30: Error: listen EADDRINUSE: address already in use :::3000
2025-09-01T00:19:30:     at Server.setupListenHandle [as _listen2] (node:net:1751:16)
2025-09-01T00:19:30:     at listenInCluster (node:net:1799:12)
2025-09-01T00:19:30:     at Server.listen (node:net:1887:7)
2025-09-01T00:19:30:     at Function.listen (C:\dashboards\simex\node_modules\express\lib\application.js:635:24)
2025-09-01T00:19:30:     at Object.<anonymous> (C:\dashboards\simex\server.js:135:5)
2025-09-01T00:19:30:     at Module._compile (node:internal/modules/cjs/loader:1256:14)
2025-09-01T00:19:30:     at Module._extensions..js (node:internal/modules/cjs/loader:1310:10)
2025-09-01T00:19:30:     at Module.load (node:internal/modules/cjs/loader:1119:32)
2025-09-01T00:19:30:     at Module._load (node:internal/modules/cjs/loader:960:12)
2025-09-01T00:19:30:     at Object.<anonymous> (C:\Users\mathe\AppData\Roaming\npm\node_modules\pm2\lib\ProcessContainerFork.js:33:23) {
2025-09-01T00:19:30:   code: 'EADDRINUSE',
2025-09-01T00:19:30:   errno: -4091,
2025-09-01T00:19:30:   syscall: 'listen',
2025-09-01T00:19:30:   address: '::',
2025-09-01T00:19:30:   port: 3000
2025-09-01T00:19:30: }
2025-09-01T00:19:33: Error: listen EADDRINUSE: address already in use :::3000
2025-09-01T00:19:33:     at Server.setupListenHandle [as _listen2] (node:net:1751:16)
2025-09-01T00:19:33:     at listenInCluster (node:net:1799:12)
2025-09-01T00:19:33:     at Server.listen (node:net:1887:7)
2025-09-01T00:19:33:     at Function.listen (C:\dashboards\simex\node_modules\express\lib\application.js:635:24)
2025-09-01T00:19:33:     at Object.<anonymous> (C:\dashboards\simex\server.js:135:5)
2025-09-01T00:19:33:     at Module._compile (node:internal/modules/cjs/loader:1256:14)
2025-09-01T00:19:33:     at Module._extensions..js (node:internal/modules/cjs/loader:1310:10)
2025-09-01T00:19:33:     at Module.load (node:internal/modules/cjs/loader:1119:32)
2025-09-01T00:19:33:     at Module._load (node:internal/modules/cjs/loader:960:12)
2025-09-01T00:19:33:     at Object.<anonymous> (C:\Users\mathe\AppData\Roaming\npm\node_modules\pm2\lib\ProcessContainerFork.js:33:23) {
2025-09-01T00:19:33:   code: 'EADDRINUSE',
2025-09-01T00:19:33:   errno: -4091,
2025-09-01T00:19:33:   syscall: 'listen',
2025-09-01T00:19:33:   address: '::',
2025-09-01T00:19:33:   port: 3000
2025-09-01T00:19:33: }
2025-09-01T00:19:35: Error: listen EADDRINUSE: address already in use :::3000
2025-09-01T00:19:35:     at Server.setupListenHandle [as _listen2] (node:net:1751:16)
2025-09-01T00:19:35:     at listenInCluster (node:net:1799:12)
2025-09-01T00:19:35:     at Server.listen (node:net:1887:7)
2025-09-01T00:19:35:     at Function.listen (C:\dashboards\simex\node_modules\express\lib\application.js:635:24)
2025-09-01T00:19:35:     at Object.<anonymous> (C:\dashboards\simex\server.js:135:5)
2025-09-01T00:19:35:     at Module._compile (node:internal/modules/cjs/loader:1256:14)
2025-09-01T00:19:35:     at Module._extensions..js (node:internal/modules/cjs/loader:1310:10)
2025-09-01T00:19:35:     at Module.load (node:internal/modules/cjs/loader:1119:32)
2025-09-01T00:19:35:     at Module._load (node:internal/modules/cjs/loader:960:12)
2025-09-01T00:19:35:     at Object.<anonymous> (C:\Users\mathe\AppData\Roaming\npm\node_modules\pm2\lib\ProcessContainerFork.js:33:23) {
2025-09-01T00:19:35:   code: 'EADDRINUSE',
2025-09-01T00:19:35:   errno: -4091,
2025-09-01T00:19:35:   syscall: 'listen',
2025-09-01T00:19:35:   address: '::',
2025-09-01T00:19:35:   port: 3000
2025-09-01T00:19:35: }
2025-09-01T00:19:38: Error: listen EADDRINUSE: address already in use :::3000
2025-09-01T00:19:38:     at Server.setupListenHandle [as _listen2] (node:net:1751:16)
2025-09-01T00:19:38:     at listenInCluster (node:net:1799:12)
2025-09-01T00:19:38:     at Server.listen (node:net:1887:7)
2025-09-01T00:19:38:     at Function.listen (C:\dashboards\simex\node_modules\express\lib\application.js:635:24)
2025-09-01T00:19:38:     at Object.<anonymous> (C:\dashboards\simex\server.js:135:5)
2025-09-01T00:19:38:     at Module._compile (node:internal/modules/cjs/loader:1256:14)
2025-09-01T00:19:38:     at Module._extensions..js (node:internal/modules/cjs/loader:1310:10)
2025-09-01T00:19:38:     at Module.load (node:internal/modules/cjs/loader:1119:32)
2025-09-01T00:19:38:     at Module._load (node:internal/modules/cjs/loader:960:12)
2025-09-01T00:19:38:     at Object.<anonymous> (C:\Users\mathe\AppData\Roaming\npm\node_modules\pm2\lib\ProcessContainerFork.js:33:23) {
2025-09-01T00:19:38:   code: 'EADDRINUSE',
2025-09-01T00:19:38:   errno: -4091,
2025-09-01T00:19:38:   syscall: 'listen',
2025-09-01T00:19:38:   address: '::',
2025-09-01T00:19:38:   port: 3000
2025-09-01T00:19:38: }
2025-09-01T00:19:41: Error: listen EADDRINUSE: address already in use :::3000
2025-09-01T00:19:41:     at Server.setupListenHandle [as _listen2] (node:net:1751:16)
2025-09-01T00:19:41:     at listenInCluster (node:net:1799:12)
2025-09-01T00:19:41:     at Server.listen (node:net:1887:7)
2025-09-01T00:19:41:     at Function.listen (C:\dashboards\simex\node_modules\express\lib\application.js:635:24)
2025-09-01T00:19:41:     at Object.<anonymous> (C:\dashboards\simex\server.js:135:5)
2025-09-01T00:19:41:     at Module._compile (node:internal/modules/cjs/loader:1256:14)
2025-09-01T00:19:41:     at Module._extensions..js (node:internal/modules/cjs/loader:1310:10)
2025-09-01T00:19:41:     at Module.load (node:internal/modules/cjs/loader:1119:32)
2025-09-01T00:19:41:     at Module._load (node:internal/modules/cjs/loader:960:12)
2025-09-01T00:19:41:     at Object.<anonymous> (C:\Users\mathe\AppData\Roaming\npm\node_modules\pm2\lib\ProcessContainerFork.js:33:23) {
2025-09-01T00:19:41:   code: 'EADDRINUSE',
2025-09-01T00:19:41:   errno: -4091,
2025-09-01T00:19:41:   syscall: 'listen',
2025-09-01T00:19:41:   address: '::',
2025-09-01T00:19:41:   port: 3000
2025-09-01T00:19:41: }
2025-09-01T00:19:43: Error: listen EADDRINUSE: address already in use :::3000
2025-09-01T00:19:43:     at Server.setupListenHandle [as _listen2] (node:net:1751:16)
2025-09-01T00:19:43:     at listenInCluster (node:net:1799:12)
2025-09-01T00:19:43:     at Server.listen (node:net:1887:7)
2025-09-01T00:19:43:     at Function.listen (C:\dashboards\simex\node_modules\express\lib\application.js:635:24)
2025-09-01T00:19:43:     at Object.<anonymous> (C:\dashboards\simex\server.js:135:5)
2025-09-01T00:19:43:     at Module._compile (node:internal/modules/cjs/loader:1256:14)
2025-09-01T00:19:43:     at Module._extensions..js (node:internal/modules/cjs/loader:1310:10)
2025-09-01T00:19:43:     at Module.load (node:internal/modules/cjs/loader:1119:32)
2025-09-01T00:19:43:     at Module._load (node:internal/modules/cjs/loader:960:12)
2025-09-01T00:19:43:     at Object.<anonymous> (C:\Users\mathe\AppData\Roaming\npm\node_modules\pm2\lib\ProcessContainerFork.js:33:23) {
2025-09-01T00:19:43:   code: 'EADDRINUSE',
2025-09-01T00:19:43:   errno: -4091,
2025-09-01T00:19:43:   syscall: 'listen',
2025-09-01T00:19:43:   address: '::',
2025-09-01T00:19:43:   port: 3000
2025-09-01T00:19:43: }
2025-09-01T00:19:46: Error: listen EADDRINUSE: address already in use :::3000
2025-09-01T00:19:46:     at Server.setupListenHandle [as _listen2] (node:net:1751:16)
2025-09-01T00:19:46:     at listenInCluster (node:net:1799:12)
2025-09-01T00:19:46:     at Server.listen (node:net:1887:7)
2025-09-01T00:19:46:     at Function.listen (C:\dashboards\simex\node_modules\express\lib\application.js:635:24)
2025-09-01T00:19:46:     at Object.<anonymous> (C:\dashboards\simex\server.js:135:5)
2025-09-01T00:19:46:     at Module._compile (node:internal/modules/cjs/loader:1256:14)
2025-09-01T00:19:46:     at Module._extensions..js (node:internal/modules/cjs/loader:1310:10)
2025-09-01T00:19:46:     at Module.load (node:internal/modules/cjs/loader:1119:32)
2025-09-01T00:19:46:     at Module._load (node:internal/modules/cjs/loader:960:12)
2025-09-01T00:19:46:     at Object.<anonymous> (C:\Users\mathe\AppData\Roaming\npm\node_modules\pm2\lib\ProcessContainerFork.js:33:23) {
2025-09-01T00:19:46:   code: 'EADDRINUSE',
2025-09-01T00:19:46:   errno: -4091,
2025-09-01T00:19:46:   syscall: 'listen',
2025-09-01T00:19:46:   address: '::',
2025-09-01T00:19:46:   port: 3000
2025-09-01T00:19:46: }
2025-09-01T00:19:48: Error: listen EADDRINUSE: address already in use :::3000
2025-09-01T00:19:48:     at Server.setupListenHandle [as _listen2] (node:net:1751:16)
2025-09-01T00:19:48:     at listenInCluster (node:net:1799:12)
2025-09-01T00:19:48:     at Server.listen (node:net:1887:7)
2025-09-01T00:19:48:     at Function.listen (C:\dashboards\simex\node_modules\express\lib\application.js:635:24)
2025-09-01T00:19:48:     at Object.<anonymous> (C:\dashboards\simex\server.js:135:5)
2025-09-01T00:19:48:     at Module._compile (node:internal/modules/cjs/loader:1256:14)
2025-09-01T00:19:48:     at Module._extensions..js (node:internal/modules/cjs/loader:1310:10)
2025-09-01T00:19:48:     at Module.load (node:internal/modules/cjs/loader:1119:32)
2025-09-01T00:19:48:     at Module._load (node:internal/modules/cjs/loader:960:12)
2025-09-01T00:19:48:     at Object.<anonymous> (C:\Users\mathe\AppData\Roaming\npm\node_modules\pm2\lib\ProcessContainerFork.js:33:23) {
2025-09-01T00:19:48:   code: 'EADDRINUSE',
2025-09-01T00:19:48:   errno: -4091,
2025-09-01T00:19:48:   syscall: 'listen',
2025-09-01T00:19:48:   address: '::',
2025-09-01T00:19:48:   port: 3000
2025-09-01T00:19:48: }
2025-09-01T00:19:51: Error: listen EADDRINUSE: address already in use :::3000
2025-09-01T00:19:51:     at Server.setupListenHandle [as _listen2] (node:net:1751:16)
2025-09-01T00:19:51:     at listenInCluster (node:net:1799:12)
2025-09-01T00:19:51:     at Server.listen (node:net:1887:7)
2025-09-01T00:19:51:     at Function.listen (C:\dashboards\simex\node_modules\express\lib\application.js:635:24)
2025-09-01T00:19:51:     at Object.<anonymous> (C:\dashboards\simex\server.js:135:5)
2025-09-01T00:19:51:     at Module._compile (node:internal/modules/cjs/loader:1256:14)
2025-09-01T00:19:51:     at Module._extensions..js (node:internal/modules/cjs/loader:1310:10)
2025-09-01T00:19:51:     at Module.load (node:internal/modules/cjs/loader:1119:32)
2025-09-01T00:19:51:     at Module._load (node:internal/modules/cjs/loader:960:12)
2025-09-01T00:19:51:     at Object.<anonymous> (C:\Users\mathe\AppData\Roaming\npm\node_modules\pm2\lib\ProcessContainerFork.js:33:23) {
2025-09-01T00:19:51:   code: 'EADDRINUSE',
2025-09-01T00:19:51:   errno: -4091,
2025-09-01T00:19:51:   syscall: 'listen',
2025-09-01T00:19:51:   address: '::',
2025-09-01T00:19:51:   port: 3000
2025-09-01T00:19:51: }
2025-09-01T00:19:53: Error: listen EADDRINUSE: address already in use :::3000
2025-09-01T00:19:53:     at Server.setupListenHandle [as _listen2] (node:net:1751:16)
2025-09-01T00:19:53:     at listenInCluster (node:net:1799:12)
2025-09-01T00:19:53:     at Server.listen (node:net:1887:7)
2025-09-01T00:19:53:     at Function.listen (C:\dashboards\simex\node_modules\express\lib\application.js:635:24)
2025-09-01T00:19:53:     at Object.<anonymous> (C:\dashboards\simex\server.js:135:5)
2025-09-01T00:19:53:     at Module._compile (node:internal/modules/cjs/loader:1256:14)
2025-09-01T00:19:53:     at Module._extensions..js (node:internal/modules/cjs/loader:1310:10)
2025-09-01T00:19:53:     at Module.load (node:internal/modules/cjs/loader:1119:32)
2025-09-01T00:19:53:     at Module._load (node:internal/modules/cjs/loader:960:12)
2025-09-01T00:19:53:     at Object.<anonymous> (C:\Users\mathe\AppData\Roaming\npm\node_modules\pm2\lib\ProcessContainerFork.js:33:23) {
2025-09-01T00:19:53:   code: 'EADDRINUSE',
2025-09-01T00:19:53:   errno: -4091,
2025-09-01T00:19:53:   syscall: 'listen',
2025-09-01T00:19:53:   address: '::',
2025-09-01T00:19:53:   port: 3000
2025-09-01T00:19:53: }
2025-09-01T00:19:56: Error: listen EADDRINUSE: address already in use :::3000
2025-09-01T00:19:56:     at Server.setupListenHandle [as _listen2] (node:net:1751:16)
2025-09-01T00:19:56:     at listenInCluster (node:net:1799:12)
2025-09-01T00:19:56:     at Server.listen (node:net:1887:7)
2025-09-01T00:19:56:     at Function.listen (C:\dashboards\simex\node_modules\express\lib\application.js:635:24)
2025-09-01T00:19:56:     at Object.<anonymous> (C:\dashboards\simex\server.js:135:5)
2025-09-01T00:19:56:     at Module._compile (node:internal/modules/cjs/loader:1256:14)
2025-09-01T00:19:56:     at Module._extensions..js (node:internal/modules/cjs/loader:1310:10)
2025-09-01T00:19:56:     at Module.load (node:internal/modules/cjs/loader:1119:32)
2025-09-01T00:19:56:     at Module._load (node:internal/modules/cjs/loader:960:12)
2025-09-01T00:19:56:     at Object.<anonymous> (C:\Users\mathe\AppData\Roaming\npm\node_modules\pm2\lib\ProcessContainerFork.js:33:23) {
2025-09-01T00:19:56:   code: 'EADDRINUSE',
2025-09-01T00:19:56:   errno: -4091,
2025-09-01T00:19:56:   syscall: 'listen',
2025-09-01T00:19:56:   address: '::',
2025-09-01T00:19:56:   port: 3000
2025-09-01T00:19:56: }
2025-09-01T00:19:58: Error: listen EADDRINUSE: address already in use :::3000
2025-09-01T00:19:58:     at Server.setupListenHandle [as _listen2] (node:net:1751:16)
2025-09-01T00:19:58:     at listenInCluster (node:net:1799:12)
2025-09-01T00:19:58:     at Server.listen (node:net:1887:7)
2025-09-01T00:19:58:     at Function.listen (C:\dashboards\simex\node_modules\express\lib\application.js:635:24)
2025-09-01T00:19:58:     at Object.<anonymous> (C:\dashboards\simex\server.js:135:5)
2025-09-01T00:19:58:     at Module._compile (node:internal/modules/cjs/loader:1256:14)
2025-09-01T00:19:58:     at Module._extensions..js (node:internal/modules/cjs/loader:1310:10)
2025-09-01T00:19:58:     at Module.load (node:internal/modules/cjs/loader:1119:32)
2025-09-01T00:19:58:     at Module._load (node:internal/modules/cjs/loader:960:12)
2025-09-01T00:19:58:     at Object.<anonymous> (C:\Users\mathe\AppData\Roaming\npm\node_modules\pm2\lib\ProcessContainerFork.js:33:23) {
2025-09-01T00:19:58:   code: 'EADDRINUSE',
2025-09-01T00:19:58:   errno: -4091,
2025-09-01T00:19:58:   syscall: 'listen',
2025-09-01T00:19:58:   address: '::',
2025-09-01T00:19:58:   port: 3000
2025-09-01T00:19:58: }
2025-09-01T00:20:01: Error: listen EADDRINUSE: address already in use :::3000
2025-09-01T00:20:01:     at Server.setupListenHandle [as _listen2] (node:net:1751:16)
2025-09-01T00:20:01:     at listenInCluster (node:net:1799:12)
2025-09-01T00:20:01:     at Server.listen (node:net:1887:7)
2025-09-01T00:20:01:     at Function.listen (C:\dashboards\simex\node_modules\express\lib\application.js:635:24)
2025-09-01T00:20:01:     at Object.<anonymous> (C:\dashboards\simex\server.js:135:5)
2025-09-01T00:20:01:     at Module._compile (node:internal/modules/cjs/loader:1256:14)
2025-09-01T00:20:01:     at Module._extensions..js (node:internal/modules/cjs/loader:1310:10)
2025-09-01T00:20:01:     at Module.load (node:internal/modules/cjs/loader:1119:32)
2025-09-01T00:20:01:     at Module._load (node:internal/modules/cjs/loader:960:12)
2025-09-01T00:20:01:     at Object.<anonymous> (C:\Users\mathe\AppData\Roaming\npm\node_modules\pm2\lib\ProcessContainerFork.js:33:23) {
2025-09-01T00:20:01:   code: 'EADDRINUSE',
2025-09-01T00:20:01:   errno: -4091,
2025-09-01T00:20:01:   syscall: 'listen',
2025-09-01T00:20:01:   address: '::',
2025-09-01T00:20:01:   port: 3000
2025-09-01T00:20:01: }
2025-09-01T00:20:03: Error: listen EADDRINUSE: address already in use :::3000
2025-09-01T00:20:03:     at Server.setupListenHandle [as _listen2] (node:net:1751:16)
2025-09-01T00:20:03:     at listenInCluster (node:net:1799:12)
2025-09-01T00:20:03:     at Server.listen (node:net:1887:7)
2025-09-01T00:20:03:     at Function.listen (C:\dashboards\simex\node_modules\express\lib\application.js:635:24)
2025-09-01T00:20:03:     at Object.<anonymous> (C:\dashboards\simex\server.js:135:5)
2025-09-01T00:20:03:     at Module._compile (node:internal/modules/cjs/loader:1256:14)
2025-09-01T00:20:03:     at Module._extensions..js (node:internal/modules/cjs/loader:1310:10)
2025-09-01T00:20:03:     at Module.load (node:internal/modules/cjs/loader:1119:32)
2025-09-01T00:20:03:     at Module._load (node:internal/modules/cjs/loader:960:12)
2025-09-01T00:20:03:     at Object.<anonymous> (C:\Users\mathe\AppData\Roaming\npm\node_modules\pm2\lib\ProcessContainerFork.js:33:23) {
2025-09-01T00:20:03:   code: 'EADDRINUSE',
2025-09-01T00:20:03:   errno: -4091,
2025-09-01T00:20:03:   syscall: 'listen',
2025-09-01T00:20:03:   address: '::',
2025-09-01T00:20:03:   port: 3000
2025-09-01T00:20:03: }
2025-09-01T00:20:06: Error: listen EADDRINUSE: address already in use :::3000
2025-09-01T00:20:06:     at Server.setupListenHandle [as _listen2] (node:net:1751:16)
2025-09-01T00:20:06:     at listenInCluster (node:net:1799:12)
2025-09-01T00:20:06:     at Server.listen (node:net:1887:7)
2025-09-01T00:20:06:     at Function.listen (C:\dashboards\simex\node_modules\express\lib\application.js:635:24)
2025-09-01T00:20:06:     at Object.<anonymous> (C:\dashboards\simex\server.js:135:5)
2025-09-01T00:20:06:     at Module._compile (node:internal/modules/cjs/loader:1256:14)
2025-09-01T00:20:06:     at Module._extensions..js (node:internal/modules/cjs/loader:1310:10)
2025-09-01T00:20:06:     at Module.load (node:internal/modules/cjs/loader:1119:32)
2025-09-01T00:20:06:     at Module._load (node:internal/modules/cjs/loader:960:12)
2025-09-01T00:20:06:     at Object.<anonymous> (C:\Users\mathe\AppData\Roaming\npm\node_modules\pm2\lib\ProcessContainerFork.js:33:23) {
2025-09-01T00:20:06:   code: 'EADDRINUSE',
2025-09-01T00:20:06:   errno: -4091,
2025-09-01T00:20:06:   syscall: 'listen',
2025-09-01T00:20:06:   address: '::',
2025-09-01T00:20:06:   port: 3000
2025-09-01T00:20:06: }
2025-09-01T00:20:08: Error: listen EADDRINUSE: address already in use :::3000
2025-09-01T00:20:08:     at Server.setupListenHandle [as _listen2] (node:net:1751:16)
2025-09-01T00:20:08:     at listenInCluster (node:net:1799:12)
2025-09-01T00:20:08:     at Server.listen (node:net:1887:7)
2025-09-01T00:20:08:     at Function.listen (C:\dashboards\simex\node_modules\express\lib\application.js:635:24)
2025-09-01T00:20:08:     at Object.<anonymous> (C:\dashboards\simex\server.js:135:5)
2025-09-01T00:20:08:     at Module._compile (node:internal/modules/cjs/loader:1256:14)
2025-09-01T00:20:08:     at Module._extensions..js (node:internal/modules/cjs/loader:1310:10)
2025-09-01T00:20:08:     at Module.load (node:internal/modules/cjs/loader:1119:32)
2025-09-01T00:20:08:     at Module._load (node:internal/modules/cjs/loader:960:12)
2025-09-01T00:20:08:     at Object.<anonymous> (C:\Users\mathe\AppData\Roaming\npm\node_modules\pm2\lib\ProcessContainerFork.js:33:23) {
2025-09-01T00:20:08:   code: 'EADDRINUSE',
2025-09-01T00:20:08:   errno: -4091,
2025-09-01T00:20:08:   syscall: 'listen',
2025-09-01T00:20:08:   address: '::',
2025-09-01T00:20:08:   port: 3000
2025-09-01T00:20:08: }
2025-09-01T00:20:11: Error: listen EADDRINUSE: address already in use :::3000
2025-09-01T00:20:11:     at Server.setupListenHandle [as _listen2] (node:net:1751:16)
2025-09-01T00:20:11:     at listenInCluster (node:net:1799:12)
2025-09-01T00:20:11:     at Server.listen (node:net:1887:7)
2025-09-01T00:20:11:     at Function.listen (C:\dashboards\simex\node_modules\express\lib\application.js:635:24)
2025-09-01T00:20:11:     at Object.<anonymous> (C:\dashboards\simex\server.js:135:5)
2025-09-01T00:20:11:     at Module._compile (node:internal/modules/cjs/loader:1256:14)
2025-09-01T00:20:11:     at Module._extensions..js (node:internal/modules/cjs/loader:1310:10)
2025-09-01T00:20:11:     at Module.load (node:internal/modules/cjs/loader:1119:32)
2025-09-01T00:20:11:     at Module._load (node:internal/modules/cjs/loader:960:12)
2025-09-01T00:20:11:     at Object.<anonymous> (C:\Users\mathe\AppData\Roaming\npm\node_modules\pm2\lib\ProcessContainerFork.js:33:23) {
2025-09-01T00:20:11:   code: 'EADDRINUSE',
2025-09-01T00:20:11:   errno: -4091,
2025-09-01T00:20:11:   syscall: 'listen',
2025-09-01T00:20:11:   address: '::',
2025-09-01T00:20:11:   port: 3000
2025-09-01T00:20:11: }
2025-09-01T00:20:13: Error: listen EADDRINUSE: address already in use :::3000
2025-09-01T00:20:13:     at Server.setupListenHandle [as _listen2] (node:net:1751:16)
2025-09-01T00:20:13:     at listenInCluster (node:net:1799:12)
2025-09-01T00:20:13:     at Server.listen (node:net:1887:7)
2025-09-01T00:20:13:     at Function.listen (C:\dashboards\simex\node_modules\express\lib\application.js:635:24)
2025-09-01T00:20:13:     at Object.<anonymous> (C:\dashboards\simex\server.js:135:5)
2025-09-01T00:20:13:     at Module._compile (node:internal/modules/cjs/loader:1256:14)
2025-09-01T00:20:13:     at Module._extensions..js (node:internal/modules/cjs/loader:1310:10)
2025-09-01T00:20:13:     at Module.load (node:internal/modules/cjs/loader:1119:32)
2025-09-01T00:20:13:     at Module._load (node:internal/modules/cjs/loader:960:12)
2025-09-01T00:20:13:     at Object.<anonymous> (C:\Users\mathe\AppData\Roaming\npm\node_modules\pm2\lib\ProcessContainerFork.js:33:23) {
2025-09-01T00:20:13:   code: 'EADDRINUSE',
2025-09-01T00:20:13:   errno: -4091,
2025-09-01T00:20:13:   syscall: 'listen',
2025-09-01T00:20:13:   address: '::',
2025-09-01T00:20:13:   port: 3000
2025-09-01T00:20:13: }
2025-09-01T00:20:16: Error: listen EADDRINUSE: address already in use :::3000
2025-09-01T00:20:16:     at Server.setupListenHandle [as _listen2] (node:net:1751:16)
2025-09-01T00:20:16:     at listenInCluster (node:net:1799:12)
2025-09-01T00:20:16:     at Server.listen (node:net:1887:7)
2025-09-01T00:20:16:     at Function.listen (C:\dashboards\simex\node_modules\express\lib\application.js:635:24)
2025-09-01T00:20:16:     at Object.<anonymous> (C:\dashboards\simex\server.js:135:5)
2025-09-01T00:20:16:     at Module._compile (node:internal/modules/cjs/loader:1256:14)
2025-09-01T00:20:16:     at Module._extensions..js (node:internal/modules/cjs/loader:1310:10)
2025-09-01T00:20:16:     at Module.load (node:internal/modules/cjs/loader:1119:32)
2025-09-01T00:20:16:     at Module._load (node:internal/modules/cjs/loader:960:12)
2025-09-01T00:20:16:     at Object.<anonymous> (C:\Users\mathe\AppData\Roaming\npm\node_modules\pm2\lib\ProcessContainerFork.js:33:23) {
2025-09-01T00:20:16:   code: 'EADDRINUSE',
2025-09-01T00:20:16:   errno: -4091,
2025-09-01T00:20:16:   syscall: 'listen',
2025-09-01T00:20:16:   address: '::',
2025-09-01T00:20:16:   port: 3000
2025-09-01T00:20:16: }
2025-09-01T00:20:18: Error: listen EADDRINUSE: address already in use :::3000
2025-09-01T00:20:18:     at Server.setupListenHandle [as _listen2] (node:net:1751:16)
2025-09-01T00:20:18:     at listenInCluster (node:net:1799:12)
2025-09-01T00:20:18:     at Server.listen (node:net:1887:7)
2025-09-01T00:20:18:     at Function.listen (C:\dashboards\simex\node_modules\express\lib\application.js:635:24)
2025-09-01T00:20:18:     at Object.<anonymous> (C:\dashboards\simex\server.js:135:5)
2025-09-01T00:20:18:     at Module._compile (node:internal/modules/cjs/loader:1256:14)
2025-09-01T00:20:18:     at Module._extensions..js (node:internal/modules/cjs/loader:1310:10)
2025-09-01T00:20:18:     at Module.load (node:internal/modules/cjs/loader:1119:32)
2025-09-01T00:20:18:     at Module._load (node:internal/modules/cjs/loader:960:12)
2025-09-01T00:20:18:     at Object.<anonymous> (C:\Users\mathe\AppData\Roaming\npm\node_modules\pm2\lib\ProcessContainerFork.js:33:23) {
2025-09-01T00:20:18:   code: 'EADDRINUSE',
2025-09-01T00:20:18:   errno: -4091,
2025-09-01T00:20:18:   syscall: 'listen',
2025-09-01T00:20:18:   address: '::',
2025-09-01T00:20:18:   port: 3000
2025-09-01T00:20:18: }
2025-09-01T00:20:21: Error: listen EADDRINUSE: address already in use :::3000
2025-09-01T00:20:21:     at Server.setupListenHandle [as _listen2] (node:net:1751:16)
2025-09-01T00:20:21:     at listenInCluster (node:net:1799:12)
2025-09-01T00:20:21:     at Server.listen (node:net:1887:7)
2025-09-01T00:20:21:     at Function.listen (C:\dashboards\simex\node_modules\express\lib\application.js:635:24)
2025-09-01T00:20:21:     at Object.<anonymous> (C:\dashboards\simex\server.js:135:5)
2025-09-01T00:20:21:     at Module._compile (node:internal/modules/cjs/loader:1256:14)
2025-09-01T00:20:21:     at Module._extensions..js (node:internal/modules/cjs/loader:1310:10)
2025-09-01T00:20:21:     at Module.load (node:internal/modules/cjs/loader:1119:32)
2025-09-01T00:20:21:     at Module._load (node:internal/modules/cjs/loader:960:12)
2025-09-01T00:20:21:     at Object.<anonymous> (C:\Users\mathe\AppData\Roaming\npm\node_modules\pm2\lib\ProcessContainerFork.js:33:23) {
2025-09-01T00:20:21:   code: 'EADDRINUSE',
2025-09-01T00:20:21:   errno: -4091,
2025-09-01T00:20:21:   syscall: 'listen',
2025-09-01T00:20:21:   address: '::',
2025-09-01T00:20:21:   port: 3000
2025-09-01T00:20:21: }
2025-09-01T00:20:24: Error: listen EADDRINUSE: address already in use :::3000
2025-09-01T00:20:24:     at Server.setupListenHandle [as _listen2] (node:net:1751:16)
2025-09-01T00:20:24:     at listenInCluster (node:net:1799:12)
2025-09-01T00:20:24:     at Server.listen (node:net:1887:7)
2025-09-01T00:20:24:     at Function.listen (C:\dashboards\simex\node_modules\express\lib\application.js:635:24)
2025-09-01T00:20:24:     at Object.<anonymous> (C:\dashboards\simex\server.js:135:5)
2025-09-01T00:20:24:     at Module._compile (node:internal/modules/cjs/loader:1256:14)
2025-09-01T00:20:24:     at Module._extensions..js (node:internal/modules/cjs/loader:1310:10)
2025-09-01T00:20:24:     at Module.load (node:internal/modules/cjs/loader:1119:32)
2025-09-01T00:20:24:     at Module._load (node:internal/modules/cjs/loader:960:12)
2025-09-01T00:20:24:     at Object.<anonymous> (C:\Users\mathe\AppData\Roaming\npm\node_modules\pm2\lib\ProcessContainerFork.js:33:23) {
2025-09-01T00:20:24:   code: 'EADDRINUSE',
2025-09-01T00:20:24:   errno: -4091,
2025-09-01T00:20:24:   syscall: 'listen',
2025-09-01T00:20:24:   address: '::',
2025-09-01T00:20:24:   port: 3000
2025-09-01T00:20:24: }
2025-09-01T00:20:26: Error: listen EADDRINUSE: address already in use :::3000
2025-09-01T00:20:26:     at Server.setupListenHandle [as _listen2] (node:net:1751:16)
2025-09-01T00:20:26:     at listenInCluster (node:net:1799:12)
2025-09-01T00:20:26:     at Server.listen (node:net:1887:7)
2025-09-01T00:20:26:     at Function.listen (C:\dashboards\simex\node_modules\express\lib\application.js:635:24)
2025-09-01T00:20:26:     at Object.<anonymous> (C:\dashboards\simex\server.js:135:5)
2025-09-01T00:20:26:     at Module._compile (node:internal/modules/cjs/loader:1256:14)
2025-09-01T00:20:26:     at Module._extensions..js (node:internal/modules/cjs/loader:1310:10)
2025-09-01T00:20:26:     at Module.load (node:internal/modules/cjs/loader:1119:32)
2025-09-01T00:20:26:     at Module._load (node:internal/modules/cjs/loader:960:12)
2025-09-01T00:20:26:     at Object.<anonymous> (C:\Users\mathe\AppData\Roaming\npm\node_modules\pm2\lib\ProcessContainerFork.js:33:23) {
2025-09-01T00:20:26:   code: 'EADDRINUSE',
2025-09-01T00:20:26:   errno: -4091,
2025-09-01T00:20:26:   syscall: 'listen',
2025-09-01T00:20:26:   address: '::',
2025-09-01T00:20:26:   port: 3000
2025-09-01T00:20:26: }
2025-09-01T00:20:29: Error: listen EADDRINUSE: address already in use :::3000
2025-09-01T00:20:29:     at Server.setupListenHandle [as _listen2] (node:net:1751:16)
2025-09-01T00:20:29:     at listenInCluster (node:net:1799:12)
2025-09-01T00:20:29:     at Server.listen (node:net:1887:7)
2025-09-01T00:20:29:     at Function.listen (C:\dashboards\simex\node_modules\express\lib\application.js:635:24)
2025-09-01T00:20:29:     at Object.<anonymous> (C:\dashboards\simex\server.js:135:5)
2025-09-01T00:20:29:     at Module._compile (node:internal/modules/cjs/loader:1256:14)
2025-09-01T00:20:29:     at Module._extensions..js (node:internal/modules/cjs/loader:1310:10)
2025-09-01T00:20:29:     at Module.load (node:internal/modules/cjs/loader:1119:32)
2025-09-01T00:20:29:     at Module._load (node:internal/modules/cjs/loader:960:12)
2025-09-01T00:20:29:     at Object.<anonymous> (C:\Users\mathe\AppData\Roaming\npm\node_modules\pm2\lib\ProcessContainerFork.js:33:23) {
2025-09-01T00:20:29:   code: 'EADDRINUSE',
2025-09-01T00:20:29:   errno: -4091,
2025-09-01T00:20:29:   syscall: 'listen',
2025-09-01T00:20:29:   address: '::',
2025-09-01T00:20:29:   port: 3000
2025-09-01T00:20:29: }
2025-09-01T00:20:31: Error: listen EADDRINUSE: address already in use :::3000
2025-09-01T00:20:31:     at Server.setupListenHandle [as _listen2] (node:net:1751:16)
2025-09-01T00:20:31:     at listenInCluster (node:net:1799:12)
2025-09-01T00:20:31:     at Server.listen (node:net:1887:7)
2025-09-01T00:20:31:     at Function.listen (C:\dashboards\simex\node_modules\express\lib\application.js:635:24)
2025-09-01T00:20:31:     at Object.<anonymous> (C:\dashboards\simex\server.js:135:5)
2025-09-01T00:20:31:     at Module._compile (node:internal/modules/cjs/loader:1256:14)
2025-09-01T00:20:31:     at Module._extensions..js (node:internal/modules/cjs/loader:1310:10)
2025-09-01T00:20:31:     at Module.load (node:internal/modules/cjs/loader:1119:32)
2025-09-01T00:20:31:     at Module._load (node:internal/modules/cjs/loader:960:12)
2025-09-01T00:20:31:     at Object.<anonymous> (C:\Users\mathe\AppData\Roaming\npm\node_modules\pm2\lib\ProcessContainerFork.js:33:23) {
2025-09-01T00:20:31:   code: 'EADDRINUSE',
2025-09-01T00:20:31:   errno: -4091,
2025-09-01T00:20:31:   syscall: 'listen',
2025-09-01T00:20:31:   address: '::',
2025-09-01T00:20:31:   port: 3000
2025-09-01T00:20:31: }
2025-09-01T00:20:34: Error: listen EADDRINUSE: address already in use :::3000
2025-09-01T00:20:34:     at Server.setupListenHandle [as _listen2] (node:net:1751:16)
2025-09-01T00:20:34:     at listenInCluster (node:net:1799:12)
2025-09-01T00:20:34:     at Server.listen (node:net:1887:7)
2025-09-01T00:20:34:     at Function.listen (C:\dashboards\simex\node_modules\express\lib\application.js:635:24)
2025-09-01T00:20:34:     at Object.<anonymous> (C:\dashboards\simex\server.js:135:5)
2025-09-01T00:20:34:     at Module._compile (node:internal/modules/cjs/loader:1256:14)
2025-09-01T00:20:34:     at Module._extensions..js (node:internal/modules/cjs/loader:1310:10)
2025-09-01T00:20:34:     at Module.load (node:internal/modules/cjs/loader:1119:32)
2025-09-01T00:20:34:     at Module._load (node:internal/modules/cjs/loader:960:12)
2025-09-01T00:20:34:     at Object.<anonymous> (C:\Users\mathe\AppData\Roaming\npm\node_modules\pm2\lib\ProcessContainerFork.js:33:23) {
2025-09-01T00:20:34:   code: 'EADDRINUSE',
2025-09-01T00:20:34:   errno: -4091,
2025-09-01T00:20:34:   syscall: 'listen',
2025-09-01T00:20:34:   address: '::',
2025-09-01T00:20:34:   port: 3000
2025-09-01T00:20:34: }
2025-09-01T00:20:36: Error: listen EADDRINUSE: address already in use :::3000
2025-09-01T00:20:36:     at Server.setupListenHandle [as _listen2] (node:net:1751:16)
2025-09-01T00:20:36:     at listenInCluster (node:net:1799:12)
2025-09-01T00:20:36:     at Server.listen (node:net:1887:7)
2025-09-01T00:20:36:     at Function.listen (C:\dashboards\simex\node_modules\express\lib\application.js:635:24)
2025-09-01T00:20:36:     at Object.<anonymous> (C:\dashboards\simex\server.js:135:5)
2025-09-01T00:20:36:     at Module._compile (node:internal/modules/cjs/loader:1256:14)
2025-09-01T00:20:36:     at Module._extensions..js (node:internal/modules/cjs/loader:1310:10)
2025-09-01T00:20:36:     at Module.load (node:internal/modules/cjs/loader:1119:32)
2025-09-01T00:20:36:     at Module._load (node:internal/modules/cjs/loader:960:12)
2025-09-01T00:20:36:     at Object.<anonymous> (C:\Users\mathe\AppData\Roaming\npm\node_modules\pm2\lib\ProcessContainerFork.js:33:23) {
2025-09-01T00:20:36:   code: 'EADDRINUSE',
2025-09-01T00:20:36:   errno: -4091,
2025-09-01T00:20:36:   syscall: 'listen',
2025-09-01T00:20:36:   address: '::',
2025-09-01T00:20:36:   port: 3000
2025-09-01T00:20:36: }
